,Date,AnswerCount
0,2009-01-06,1
1,2009-01-07,1
2,2009-01-10,1
3,2009-01-13,2
4,2009-01-14,2
5,2009-01-16,1
6,2009-01-21,2
7,2009-01-23,1
8,2009-01-27,2
9,2009-01-29,2
10,2009-02-02,1
11,2009-02-03,1
12,2009-02-04,2
13,2009-02-05,1
14,2009-02-09,1
15,2009-02-10,1
16,2009-02-12,1
17,2009-02-19,1
18,2009-02-23,1
19,2009-03-08,1
20,2009-03-09,1
21,2009-03-11,1
22,2009-03-12,2
23,2009-03-17,2
24,2009-03-18,5
25,2009-03-19,1
26,2009-03-24,1
27,2009-03-25,3
28,2009-03-26,4
29,2009-03-27,1
30,2009-04-03,1
31,2009-04-07,4
32,2009-04-08,4
33,2009-04-09,3
34,2009-04-14,2
35,2009-04-15,3
36,2009-04-16,3
37,2009-04-18,2
38,2009-04-20,2
39,2009-04-21,2
40,2009-04-23,1
41,2009-04-24,3
42,2009-04-27,3
43,2009-05-04,1
44,2009-05-13,1
45,2009-05-18,1
46,2009-05-19,1
47,2009-05-20,4
48,2009-05-21,1
49,2009-05-22,1
50,2009-05-23,2
51,2009-05-26,1
52,2009-05-27,1
53,2009-05-28,3
54,2009-05-29,2
55,2009-05-30,4
56,2009-06-01,1
57,2009-06-02,1
58,2009-06-03,2
59,2009-06-04,2
60,2009-06-05,1
61,2009-06-07,1
62,2009-06-12,1
63,2009-06-16,1
64,2009-06-19,1
65,2009-06-24,1
66,2009-06-25,2
67,2009-06-28,1
68,2009-06-29,1
69,2009-06-30,3
70,2009-07-02,1
71,2009-07-07,2
72,2009-07-08,1
73,2009-07-09,1
74,2009-07-14,4
75,2009-07-15,2
76,2009-07-16,2
77,2009-07-17,1
78,2009-07-18,1
79,2009-07-19,1
80,2009-07-22,1
81,2009-07-23,2
82,2009-07-27,1
83,2009-07-28,1
84,2009-07-29,1
85,2009-07-30,1
86,2009-08-04,1
87,2009-08-05,2
88,2009-08-06,1
89,2009-08-07,2
90,2009-08-08,1
91,2009-08-10,1
92,2009-08-11,2
93,2009-08-13,1
94,2009-08-19,3
95,2009-08-20,3
96,2009-08-21,1
97,2009-08-26,1
98,2009-08-31,1
99,2009-09-01,2
100,2009-09-02,2
101,2009-09-03,1
102,2009-09-04,1
103,2009-09-05,1
104,2009-09-08,2
105,2009-09-14,1
106,2009-09-15,1
107,2009-09-17,1
108,2009-09-18,2
109,2009-09-20,1
110,2009-09-21,1
111,2009-09-23,1
112,2009-09-30,1
113,2009-10-01,2
114,2009-10-05,2
115,2009-10-06,1
116,2009-10-15,4
117,2009-10-16,1
118,2009-10-19,1
119,2009-10-20,1
120,2009-10-22,1
121,2009-10-26,2
122,2009-10-27,2
123,2009-10-29,1
124,2009-11-02,2
125,2009-11-03,2
126,2009-11-10,1
127,2009-11-11,1
128,2009-11-12,1
129,2009-11-19,2
130,2009-11-21,1
131,2009-12-01,3
132,2009-12-04,2
133,2009-12-15,1
134,2009-12-17,1
135,2009-12-18,1
136,2009-12-20,1
137,2009-12-21,1
138,2009-12-22,5
139,2009-12-23,2
140,2009-12-29,1
141,2009-12-30,2
142,2009-12-31,1
143,2010-01-02,1
144,2010-01-06,3
145,2010-01-07,2
146,2010-01-08,1
147,2010-01-09,1
148,2010-01-12,1
149,2010-01-13,1
150,2010-01-14,1
151,2010-01-15,1
152,2010-01-19,1
153,2010-01-21,2
154,2010-01-23,2
155,2010-01-26,6
156,2010-01-27,1
157,2010-01-29,1
158,2010-02-02,1
159,2010-02-04,1
160,2010-02-06,1
161,2010-02-08,1
162,2010-02-09,1
163,2010-02-13,1
164,2010-02-14,1
165,2010-02-17,1
166,2010-02-20,1
167,2010-02-22,2
168,2010-02-25,2
169,2010-02-28,1
170,2010-03-02,1
171,2010-03-04,1
172,2010-03-11,1
173,2010-03-15,1
174,2010-03-17,1
175,2010-03-19,1
176,2010-03-23,4
177,2010-03-24,2
178,2010-03-25,1
179,2010-03-26,1
180,2010-03-29,1
181,2010-03-30,1
182,2010-04-01,1
183,2010-04-06,2
184,2010-04-12,1
185,2010-04-13,1
186,2010-04-15,1
187,2010-04-16,2
188,2010-04-20,1
189,2010-04-23,1
190,2010-04-26,2
191,2010-04-27,1
192,2010-04-29,1
193,2010-05-03,1
194,2010-05-05,1
195,2010-05-06,1
196,2010-05-12,3
197,2010-05-18,2
198,2010-05-20,2
199,2010-05-21,1
200,2010-05-24,1
201,2010-05-25,2
202,2010-05-28,1
203,2010-06-02,1
204,2010-06-04,1
205,2010-06-09,1
206,2010-06-15,3
207,2010-06-19,1
208,2010-06-22,3
209,2010-06-24,1
210,2010-06-25,2
211,2010-06-28,1
212,2010-07-08,1
213,2010-07-09,1
214,2010-07-12,2
215,2010-07-14,1
216,2010-07-15,1
217,2010-07-22,1
218,2010-07-27,4
219,2010-07-28,1
220,2010-07-29,1
221,2010-07-30,2
222,2010-07-31,2
223,2010-08-02,1
224,2010-08-05,1
225,2010-08-13,1
226,2010-08-14,1
227,2010-08-15,1
228,2010-08-16,1
229,2010-08-17,2
230,2010-08-18,1
231,2010-08-19,3
232,2010-08-21,1
233,2010-08-23,1
234,2010-08-24,2
235,2010-08-25,2
236,2010-08-26,1
237,2010-08-27,1
238,2010-08-29,1
239,2010-09-01,1
240,2010-09-03,1
241,2010-09-04,1
242,2010-09-09,1
243,2010-09-12,1
244,2010-09-13,1
245,2010-09-16,1
246,2010-09-17,2
247,2010-09-20,2
248,2010-09-21,1
249,2010-09-23,1
250,2010-09-28,2
251,2010-09-29,1
252,2010-09-30,1
253,2010-10-01,1
254,2010-10-04,1
255,2010-10-06,4
256,2010-10-07,1
257,2010-10-08,1
258,2010-10-13,2
259,2010-10-14,1
260,2010-10-15,2
261,2010-10-16,2
262,2010-10-17,1
263,2010-10-18,1
264,2010-10-20,1
265,2010-10-21,1
266,2010-10-23,1
267,2010-10-26,1
268,2010-10-28,1
269,2010-10-29,1
270,2010-10-30,1
271,2010-11-04,1
272,2010-11-05,1
273,2010-11-07,1
274,2010-11-09,1
275,2010-11-10,2
276,2010-11-11,4
277,2010-11-12,1
278,2010-11-16,1
279,2010-11-17,1
280,2010-11-24,3
281,2010-11-30,1
282,2010-12-07,1
283,2010-12-08,1
284,2010-12-09,2
285,2010-12-14,3
286,2010-12-16,1
287,2010-12-20,1
288,2010-12-21,1
289,2010-12-23,1
290,2010-12-24,1
291,2010-12-25,1
292,2010-12-28,1
293,2011-01-03,2
294,2011-01-04,1
295,2011-01-05,1
296,2011-01-11,2
297,2011-01-13,1
298,2011-01-14,2
299,2011-01-17,1
300,2011-01-19,1
301,2011-01-20,1
302,2011-01-24,2
303,2011-01-31,1
304,2011-02-01,2
305,2011-02-02,1
306,2011-02-03,3
307,2011-02-07,1
308,2011-02-09,2
309,2011-02-12,1
310,2011-02-13,1
311,2011-02-16,1
312,2011-02-17,1
313,2011-02-18,1
314,2011-02-20,1
315,2011-02-23,3
316,2011-02-25,1
317,2011-02-26,1
318,2011-03-02,1
319,2011-03-04,1
320,2011-03-07,1
321,2011-03-09,2
322,2011-03-10,1
323,2011-03-11,1
324,2011-03-15,1
325,2011-03-17,2
326,2011-03-18,1
327,2011-03-19,2
328,2011-03-21,2
329,2011-03-22,2
330,2011-03-23,1
331,2011-03-24,1
332,2011-03-31,1
333,2011-04-05,3
334,2011-04-06,1
335,2011-04-08,1
336,2011-04-09,1
337,2011-04-12,1
338,2011-04-13,1
339,2011-04-14,1
340,2011-04-15,1
341,2011-04-20,1
342,2011-04-21,1
343,2011-04-26,1
344,2011-04-28,1
345,2011-05-03,1
346,2011-05-04,1
347,2011-05-10,2
348,2011-05-11,3
349,2011-05-17,1
350,2011-05-20,1
351,2011-05-25,1
352,2011-06-06,1
353,2011-06-08,3
354,2011-06-15,2
355,2011-06-21,1
356,2011-06-23,1
357,2011-07-01,1
358,2011-07-06,1
359,2011-07-08,1
360,2011-07-11,1
361,2011-07-13,2
362,2011-07-14,1
363,2011-07-15,1
364,2011-07-16,2
365,2011-07-18,1
366,2011-07-20,2
367,2011-07-21,1
368,2011-07-22,1
369,2011-07-27,1
370,2011-07-28,2
371,2011-07-29,2
372,2011-08-01,1
373,2011-08-02,3
374,2011-08-03,2
375,2011-08-04,2
376,2011-08-05,2
377,2011-08-08,3
378,2011-08-09,1
379,2011-08-11,1
380,2011-08-15,1
381,2011-08-18,2
382,2011-08-19,4
383,2011-08-23,1
384,2011-08-25,1
385,2011-08-29,1
386,2011-08-30,1
387,2011-08-31,3
388,2011-09-01,1
389,2011-09-02,2
390,2011-09-07,1
391,2011-09-08,3
392,2011-09-13,1
393,2011-09-14,3
394,2011-09-15,1
395,2011-09-19,1
396,2011-09-21,1
397,2011-09-23,1
398,2011-10-03,2
399,2011-10-04,2
400,2011-10-06,1
401,2011-10-10,2
402,2011-10-11,1
403,2011-10-13,1
404,2011-10-19,1
405,2011-10-21,1
406,2011-10-25,3
407,2011-10-26,3
408,2011-10-28,1
409,2011-10-29,2
410,2011-10-31,1
411,2011-11-01,2
412,2011-11-03,2
413,2011-11-04,2
414,2011-11-07,1
415,2011-11-08,1
416,2011-11-09,2
417,2011-11-10,1
418,2011-11-11,2
419,2011-11-15,2
420,2011-11-16,1
421,2011-11-17,3
422,2011-11-18,6
423,2011-11-30,1
424,2011-12-01,1
425,2011-12-05,1
426,2011-12-07,3
427,2011-12-08,2
428,2011-12-09,2
429,2011-12-10,1
430,2011-12-12,2
431,2011-12-13,3
432,2011-12-15,4
433,2011-12-16,4
434,2011-12-21,1
435,2011-12-29,1
436,2012-01-04,1
437,2012-01-11,2
438,2012-01-18,1
439,2012-01-19,1
440,2012-01-20,1
441,2012-01-23,1
442,2012-01-26,1
443,2012-01-27,2
444,2012-01-29,2
445,2012-01-30,1
446,2012-02-01,5
447,2012-02-02,1
448,2012-02-08,1
449,2012-02-09,1
450,2012-02-14,1
451,2012-02-15,2
452,2012-02-21,2
453,2012-02-25,2
454,2012-02-27,1
455,2012-03-05,1
456,2012-03-07,2
457,2012-03-09,2
458,2012-03-10,1
459,2012-03-13,1
460,2012-03-15,1
461,2012-03-16,3
462,2012-03-30,1
463,2012-04-03,2
464,2012-04-05,1
465,2012-04-06,3
466,2012-04-09,1
467,2012-04-10,1
468,2012-04-12,1
469,2012-04-13,1
470,2012-04-15,1
471,2012-04-20,1
472,2012-04-23,2
473,2012-04-24,1
474,2012-04-25,1
475,2012-04-27,2
476,2012-05-02,2
477,2012-05-07,1
478,2012-05-08,2
479,2012-05-10,1
480,2012-05-15,1
481,2012-05-16,1
482,2012-05-18,2
483,2012-05-19,1
484,2012-05-20,1
485,2012-05-22,1
486,2012-05-25,2
487,2012-05-27,2
488,2012-05-28,1
489,2012-05-31,3
490,2012-06-01,1
491,2012-06-03,1
492,2012-06-07,2
493,2012-06-10,1
494,2012-06-11,1
495,2012-06-12,4
496,2012-06-13,2
497,2012-06-15,1
498,2012-06-16,2
499,2012-06-17,1
500,2012-06-18,1
501,2012-06-20,1
502,2012-06-21,1
503,2012-06-22,3
504,2012-06-23,2
505,2012-06-26,1
506,2012-06-28,1
507,2012-07-02,1
508,2012-07-03,1
509,2012-07-05,1
510,2012-07-10,1
511,2012-07-12,1
512,2012-07-14,1
513,2012-07-17,3
514,2012-07-18,1
515,2012-07-19,2
516,2012-07-20,2
517,2012-07-21,2
518,2012-07-23,1
519,2012-07-24,1
520,2012-07-25,3
521,2012-07-26,3
522,2012-07-27,1
523,2012-07-30,2
524,2012-07-31,3
525,2012-08-01,1
526,2012-08-02,2
527,2012-08-04,1
528,2012-08-08,1
529,2012-08-13,1
530,2012-08-14,3
531,2012-08-16,2
532,2012-08-17,2
533,2012-08-20,1
534,2012-08-24,4
535,2012-08-25,1
536,2012-08-26,1
537,2012-08-29,2
538,2012-09-02,1
539,2012-09-04,4
540,2012-09-05,2
541,2012-09-06,3
542,2012-09-07,2
543,2012-09-09,1
544,2012-09-10,1
545,2012-09-12,1
546,2012-09-13,3
547,2012-09-15,2
548,2012-09-19,1
549,2012-09-20,6
550,2012-09-21,1
551,2012-09-23,2
552,2012-09-25,2
553,2012-09-26,3
554,2012-09-27,1
555,2012-09-28,1
556,2012-09-29,1
557,2012-09-30,1
558,2012-10-01,2
559,2012-10-02,3
560,2012-10-03,1
561,2012-10-04,1
562,2012-10-06,2
563,2012-10-08,1
564,2012-10-13,2
565,2012-10-16,1
566,2012-10-19,3
567,2012-10-20,1
568,2012-10-29,2
569,2012-10-30,2
570,2012-11-02,1
571,2012-11-03,1
572,2012-11-06,4
573,2012-11-07,1
574,2012-11-08,8
575,2012-11-09,4
576,2012-11-10,3
577,2012-11-13,3
578,2012-11-14,3
579,2012-11-15,2
580,2012-11-16,3
581,2012-11-19,1
582,2012-11-22,3
583,2012-11-23,1
584,2012-11-24,1
585,2012-11-27,4
586,2012-11-28,4
587,2012-11-29,1
588,2012-12-01,1
589,2012-12-03,1
590,2012-12-04,1
591,2012-12-05,1
592,2012-12-06,2
593,2012-12-07,2
594,2012-12-08,1
595,2012-12-09,5
596,2012-12-10,3
597,2012-12-13,1
598,2012-12-14,1
599,2012-12-16,1
600,2012-12-18,5
601,2012-12-19,1
602,2012-12-20,2
603,2012-12-22,1
604,2012-12-23,1
605,2012-12-24,2
606,2012-12-27,3
607,2012-12-28,3
608,2012-12-29,1
609,2013-01-05,1
610,2013-01-07,1
611,2013-01-08,1
612,2013-01-11,2
613,2013-01-13,1
614,2013-01-14,1
615,2013-01-16,3
616,2013-01-17,2
617,2013-01-18,2
618,2013-01-19,3
619,2013-01-20,1
620,2013-01-21,1
621,2013-01-23,1
622,2013-01-24,2
623,2013-01-25,2
624,2013-01-26,4
625,2013-01-27,1
626,2013-01-29,1
627,2013-01-31,1
628,2013-02-03,3
629,2013-02-06,1
630,2013-02-08,2
631,2013-02-09,1
632,2013-02-18,4
633,2013-02-19,2
634,2013-02-20,3
635,2013-02-21,2
636,2013-02-27,1
637,2013-02-28,6
638,2013-03-01,1
639,2013-03-03,1
640,2013-03-04,1
641,2013-03-07,1
642,2013-03-08,3
643,2013-03-11,1
644,2013-03-12,4
645,2013-03-15,1
646,2013-03-19,2
647,2013-03-20,3
648,2013-03-21,3
649,2013-03-22,2
650,2013-03-26,4
651,2013-03-28,2
652,2013-03-29,2
653,2013-03-31,3
654,2013-04-02,3
655,2013-04-03,8
656,2013-04-04,3
657,2013-04-05,2
658,2013-04-06,4
659,2013-04-07,2
660,2013-04-08,2
661,2013-04-09,1
662,2013-04-10,5
663,2013-04-11,5
664,2013-04-12,3
665,2013-04-15,1
666,2013-04-16,11
667,2013-04-17,1
668,2013-04-19,2
669,2013-04-20,4
670,2013-04-21,4
671,2013-04-22,4
672,2013-04-23,2
673,2013-04-24,7
674,2013-04-25,2
675,2013-04-26,2
676,2013-04-27,1
677,2013-04-29,1
678,2013-04-30,3
679,2013-05-01,1
680,2013-05-02,1
681,2013-05-06,5
682,2013-05-08,6
683,2013-05-11,3
684,2013-05-15,2
685,2013-05-17,1
686,2013-05-20,2
687,2013-05-21,1
688,2013-05-22,1
689,2013-05-28,2
690,2013-05-29,1
691,2013-06-02,4
692,2013-06-03,3
693,2013-06-04,5
694,2013-06-05,1
695,2013-06-06,5
696,2013-06-11,1
697,2013-06-17,2
698,2013-06-18,1
699,2013-06-20,1
700,2013-06-25,1
701,2013-06-28,2
702,2013-06-30,6
703,2013-07-01,4
704,2013-07-02,1
705,2013-07-03,2
706,2013-07-05,1
707,2013-07-06,2
708,2013-07-07,3
709,2013-07-08,3
710,2013-07-09,6
711,2013-07-10,2
712,2013-07-12,1
713,2013-07-13,1
714,2013-07-15,3
715,2013-07-16,2
716,2013-07-17,1
717,2013-07-19,2
718,2013-07-20,1
719,2013-07-22,1
720,2013-07-23,2
721,2013-07-24,4
722,2013-07-25,3
723,2013-07-26,7
724,2013-07-27,3
725,2013-07-30,6
726,2013-07-31,1
727,2013-08-01,1
728,2013-08-02,4
729,2013-08-03,2
730,2013-08-04,3
731,2013-08-05,1
732,2013-08-06,7
733,2013-08-07,3
734,2013-08-08,7
735,2013-08-09,2
736,2013-08-10,2
737,2013-08-12,4
738,2013-08-13,6
739,2013-08-14,3
740,2013-08-15,7
741,2013-08-16,3
742,2013-08-17,1
743,2013-08-18,1
744,2013-08-20,5
745,2013-08-21,1
746,2013-08-26,3
747,2013-08-27,3
748,2013-08-28,2
749,2013-08-29,3
750,2013-08-30,2
751,2013-08-31,1
752,2013-09-03,7
753,2013-09-04,2
754,2013-09-05,1
755,2013-09-06,3
756,2013-09-09,5
757,2013-09-10,5
758,2013-09-11,2
759,2013-09-12,4
760,2013-09-13,4
761,2013-09-14,1
762,2013-09-16,2
763,2013-09-17,4
764,2013-09-18,3
765,2013-09-19,3
766,2013-09-20,3
767,2013-09-21,1
768,2013-09-22,1
769,2013-09-25,10
770,2013-09-26,2
771,2013-09-27,8
772,2013-09-29,1
773,2013-09-30,4
774,2013-10-01,3
775,2013-10-02,8
776,2013-10-03,1
777,2013-10-04,14
778,2013-10-05,4
779,2013-10-06,1
780,2013-10-07,3
781,2013-10-08,8
782,2013-10-09,6
783,2013-10-10,2
784,2013-10-11,1
785,2013-10-12,1
786,2013-10-13,4
787,2013-10-14,8
788,2013-10-15,5
789,2013-10-16,3
790,2013-10-18,8
791,2013-10-21,9
792,2013-10-22,1
793,2013-10-23,7
794,2013-10-24,4
795,2013-10-25,10
796,2013-10-27,1
797,2013-10-28,6
798,2013-10-29,4
799,2013-10-30,3
800,2013-10-31,1
801,2013-11-01,5
802,2013-11-04,5
803,2013-11-05,1
804,2013-11-06,1
805,2013-11-07,6
806,2013-11-08,2
807,2013-11-09,4
808,2013-11-10,3
809,2013-11-12,1
810,2013-11-13,1
811,2013-11-14,2
812,2013-11-15,7
813,2013-11-16,1
814,2013-11-17,1
815,2013-11-18,1
816,2013-11-19,2
817,2013-11-20,3
818,2013-11-21,2
819,2013-11-22,2
820,2013-11-23,1
821,2013-11-25,1
822,2013-11-26,1
823,2013-11-27,5
824,2013-11-28,3
825,2013-12-04,5
826,2013-12-05,5
827,2013-12-06,7
828,2013-12-08,1
829,2013-12-09,3
830,2013-12-10,2
831,2013-12-11,1
832,2013-12-12,5
833,2013-12-13,2
834,2013-12-15,1
835,2013-12-16,3
836,2013-12-17,5
837,2013-12-18,2
838,2013-12-19,5
839,2013-12-20,14
840,2013-12-21,2
841,2013-12-22,1
842,2013-12-23,3
843,2013-12-25,1
844,2013-12-26,1
845,2013-12-27,2
846,2013-12-30,2
847,2014-01-02,2
848,2014-01-03,3
849,2014-01-06,3
850,2014-01-07,2
851,2014-01-08,7
852,2014-01-09,1
853,2014-01-10,1
854,2014-01-13,1
855,2014-01-14,5
856,2014-01-15,3
857,2014-01-16,5
858,2014-01-17,4
859,2014-01-20,4
860,2014-01-22,5
861,2014-01-24,2
862,2014-01-25,4
863,2014-01-28,3
864,2014-01-29,3
865,2014-01-30,4
866,2014-01-31,3
867,2014-02-01,1
868,2014-02-03,2
869,2014-02-04,1
870,2014-02-05,5
871,2014-02-06,5
872,2014-02-07,5
873,2014-02-12,5
874,2014-02-13,1
875,2014-02-14,2
876,2014-02-17,1
877,2014-02-18,1
878,2014-02-19,2
879,2014-02-21,5
880,2014-02-24,2
881,2014-02-26,2
882,2014-02-27,3
883,2014-02-28,2
884,2014-03-01,3
885,2014-03-02,4
886,2014-03-03,5
887,2014-03-04,5
888,2014-03-05,2
889,2014-03-06,2
890,2014-03-07,5
891,2014-03-08,5
892,2014-03-09,2
893,2014-03-10,6
894,2014-03-11,5
895,2014-03-12,13
896,2014-03-13,4
897,2014-03-14,6
898,2014-03-15,2
899,2014-03-17,6
900,2014-03-18,5
901,2014-03-19,4
902,2014-03-20,5
903,2014-03-21,4
904,2014-03-22,3
905,2014-03-23,3
906,2014-03-24,9
907,2014-03-25,7
908,2014-03-26,7
909,2014-03-27,9
910,2014-03-28,14
911,2014-03-29,3
912,2014-03-30,4
913,2014-03-31,3
914,2014-04-01,6
915,2014-04-02,5
916,2014-04-03,5
917,2014-04-04,2
918,2014-04-05,3
919,2014-04-06,5
920,2014-04-07,3
921,2014-04-08,12
922,2014-04-09,5
923,2014-04-10,11
924,2014-04-11,4
925,2014-04-12,5
926,2014-04-14,2
927,2014-04-15,7
928,2014-04-16,1
929,2014-04-17,2
930,2014-04-18,1
931,2014-04-19,1
932,2014-04-21,3
933,2014-04-22,3
934,2014-04-23,2
935,2014-04-24,5
936,2014-04-25,3
937,2014-04-26,1
938,2014-04-27,1
939,2014-04-28,3
940,2014-04-29,3
941,2014-04-30,1
942,2014-05-01,5
943,2014-05-02,6
944,2014-05-04,3
945,2014-05-05,1
946,2014-05-06,1
947,2014-05-07,1
948,2014-05-08,1
949,2014-05-09,4
950,2014-05-12,9
951,2014-05-13,8
952,2014-05-16,2
953,2014-05-17,1
954,2014-05-19,3
955,2014-05-20,2
956,2014-05-21,2
957,2014-05-22,3
958,2014-05-23,3
959,2014-05-24,1
960,2014-05-25,1
961,2014-05-27,5
962,2014-05-28,2
963,2014-05-30,3
964,2014-05-31,5
965,2014-06-01,3
966,2014-06-02,5
967,2014-06-03,1
968,2014-06-04,1
969,2014-06-05,1
970,2014-06-06,3
971,2014-06-07,5
972,2014-06-08,2
973,2014-06-09,3
974,2014-06-10,3
975,2014-06-13,2
976,2014-06-14,1
977,2014-06-15,2
978,2014-06-16,4
979,2014-06-17,1
980,2014-06-18,4
981,2014-06-19,1
982,2014-06-20,4
983,2014-06-22,2
984,2014-06-23,3
985,2014-06-24,8
986,2014-06-25,1
987,2014-06-26,1
988,2014-06-27,1
989,2014-06-28,1
990,2014-06-30,2
991,2014-07-01,2
992,2014-07-02,2
993,2014-07-03,4
994,2014-07-04,1
995,2014-07-07,7
996,2014-07-08,1
997,2014-07-09,4
998,2014-07-11,2
999,2014-07-12,1
1000,2014-07-13,2
1001,2014-07-14,3
1002,2014-07-16,2
1003,2014-07-17,6
1004,2014-07-18,2
1005,2014-07-19,1
1006,2014-07-21,2
1007,2014-07-22,2
1008,2014-07-23,2
1009,2014-07-24,7
1010,2014-07-26,2
1011,2014-07-27,2
1012,2014-07-28,2
1013,2014-07-29,2
1014,2014-07-30,5
1015,2014-07-31,2
1016,2014-08-01,1
1017,2014-08-02,1
1018,2014-08-04,1
1019,2014-08-05,1
1020,2014-08-06,4
1021,2014-08-07,4
1022,2014-08-08,4
1023,2014-08-09,4
1024,2014-08-10,6
1025,2014-08-11,6
1026,2014-08-12,1
1027,2014-08-13,5
1028,2014-08-14,3
1029,2014-08-15,4
1030,2014-08-16,1
1031,2014-08-17,1
1032,2014-08-18,5
1033,2014-08-19,3
1034,2014-08-20,7
1035,2014-08-21,4
1036,2014-08-22,6
1037,2014-08-25,4
1038,2014-08-26,2
1039,2014-08-27,4
1040,2014-08-28,3
1041,2014-08-29,6
1042,2014-08-30,3
1043,2014-08-31,1
1044,2014-09-01,8
1045,2014-09-02,4
1046,2014-09-03,3
1047,2014-09-04,4
1048,2014-09-05,3
1049,2014-09-06,1
1050,2014-09-08,2
1051,2014-09-09,7
1052,2014-09-10,4
1053,2014-09-11,5
1054,2014-09-12,9
1055,2014-09-13,2
1056,2014-09-15,5
1057,2014-09-16,6
1058,2014-09-17,6
1059,2014-09-18,9
1060,2014-09-19,10
1061,2014-09-20,4
1062,2014-09-21,1
1063,2014-09-22,6
1064,2014-09-23,8
1065,2014-09-24,8
1066,2014-09-25,6
1067,2014-09-26,4
1068,2014-09-27,1
1069,2014-09-28,3
1070,2014-09-29,8
1071,2014-09-30,11
1072,2014-10-01,9
1073,2014-10-02,8
1074,2014-10-03,3
1075,2014-10-04,2
1076,2014-10-06,7
1077,2014-10-07,6
1078,2014-10-08,7
1079,2014-10-09,5
1080,2014-10-10,4
1081,2014-10-11,3
1082,2014-10-13,14
1083,2014-10-14,4
1084,2014-10-15,7
1085,2014-10-16,4
1086,2014-10-17,8
1087,2014-10-18,5
1088,2014-10-20,6
1089,2014-10-21,7
1090,2014-10-22,6
1091,2014-10-23,6
1092,2014-10-24,9
1093,2014-10-25,4
1094,2014-10-26,1
1095,2014-10-27,3
1096,2014-10-28,6
1097,2014-10-29,13
1098,2014-10-30,10
1099,2014-10-31,10
1100,2014-11-01,8
1101,2014-11-02,4
1102,2014-11-03,5
1103,2014-11-04,4
1104,2014-11-05,11
1105,2014-11-06,8
1106,2014-11-07,9
1107,2014-11-08,7
1108,2014-11-09,3
1109,2014-11-11,6
1110,2014-11-12,6
1111,2014-11-13,5
1112,2014-11-14,3
1113,2014-11-15,7
1114,2014-11-16,1
1115,2014-11-17,4
1116,2014-11-18,1
1117,2014-11-19,5
1118,2014-11-20,1
1119,2014-11-21,3
1120,2014-11-22,3
1121,2014-11-23,3
1122,2014-11-24,1
1123,2014-11-25,2
1124,2014-11-26,4
1125,2014-11-27,2
1126,2014-11-29,1
1127,2014-12-01,2
1128,2014-12-02,2
1129,2014-12-05,4
1130,2014-12-06,1
1131,2014-12-08,4
1132,2014-12-09,5
1133,2014-12-10,1
1134,2014-12-11,2
1135,2014-12-12,1
1136,2014-12-14,1
1137,2014-12-15,3
1138,2014-12-16,4
1139,2014-12-17,4
1140,2014-12-18,4
1141,2014-12-19,6
1142,2014-12-20,1
1143,2014-12-22,1
1144,2014-12-23,3
1145,2014-12-24,3
1146,2014-12-30,4
1147,2015-01-01,1
1148,2015-01-07,2
1149,2015-01-08,5
1150,2015-01-09,3
1151,2015-01-13,3
1152,2015-01-14,3
1153,2015-01-15,2
1154,2015-01-16,4
1155,2015-01-17,1
1156,2015-01-18,2
1157,2015-01-19,3
1158,2015-01-20,2
1159,2015-01-21,2
1160,2015-01-22,4
1161,2015-01-23,2
1162,2015-01-24,1
1163,2015-01-25,2
1164,2015-01-26,4
1165,2015-01-27,1
1166,2015-01-28,6
1167,2015-01-29,1
1168,2015-01-30,6
1169,2015-01-31,1
1170,2015-02-02,2
1171,2015-02-03,4
1172,2015-02-04,1
1173,2015-02-05,1
1174,2015-02-06,5
1175,2015-02-07,1
1176,2015-02-09,4
1177,2015-02-10,3
1178,2015-02-11,6
1179,2015-02-12,5
1180,2015-02-13,4
1181,2015-02-14,2
1182,2015-02-15,2
1183,2015-02-16,1
1184,2015-02-17,1
1185,2015-02-18,3
1186,2015-02-19,1
1187,2015-02-20,3
1188,2015-02-21,2
1189,2015-02-24,3
1190,2015-02-25,1
1191,2015-02-26,3
1192,2015-02-27,4
1193,2015-03-02,1
1194,2015-03-03,4
1195,2015-03-04,5
1196,2015-03-05,5
1197,2015-03-06,4
1198,2015-03-07,1
1199,2015-03-09,5
1200,2015-03-11,3
1201,2015-03-12,7
1202,2015-03-13,4
1203,2015-03-14,3
1204,2015-03-16,4
1205,2015-03-17,4
1206,2015-03-18,6
1207,2015-03-19,8
1208,2015-03-20,4
1209,2015-03-23,2
1210,2015-03-24,3
1211,2015-03-25,1
1212,2015-03-26,5
1213,2015-03-27,3
1214,2015-03-28,1
1215,2015-03-30,5
1216,2015-03-31,2
1217,2015-04-01,10
1218,2015-04-02,2
1219,2015-04-03,2
1220,2015-04-05,1
1221,2015-04-06,6
1222,2015-04-07,7
1223,2015-04-08,5
1224,2015-04-09,1
1225,2015-04-10,8
1226,2015-04-11,1
1227,2015-04-12,1
1228,2015-04-13,3
1229,2015-04-14,5
1230,2015-04-15,3
1231,2015-04-16,6
1232,2015-04-17,9
1233,2015-04-18,1
1234,2015-04-21,3
1235,2015-04-22,2
1236,2015-04-23,3
1237,2015-04-24,3
1238,2015-04-26,4
1239,2015-04-27,10
1240,2015-04-28,2
1241,2015-04-29,7
1242,2015-04-30,5
1243,2015-05-01,5
1244,2015-05-02,1
1245,2015-05-03,1
1246,2015-05-04,6
1247,2015-05-05,13
1248,2015-05-06,9
1249,2015-05-07,13
1250,2015-05-08,2
1251,2015-05-09,1
1252,2015-05-11,5
1253,2015-05-12,1
1254,2015-05-13,2
1255,2015-05-14,3
1256,2015-05-15,2
1257,2015-05-18,8
1258,2015-05-19,1
1259,2015-05-20,13
1260,2015-05-21,2
1261,2015-05-22,1
1262,2015-05-23,2
1263,2015-05-25,1
1264,2015-05-26,2
1265,2015-05-27,4
1266,2015-05-28,8
1267,2015-05-29,6
1268,2015-05-30,5
1269,2015-05-31,4
1270,2015-06-01,5
1271,2015-06-02,1
1272,2015-06-03,3
1273,2015-06-04,9
1274,2015-06-06,3
1275,2015-06-07,1
1276,2015-06-08,2
1277,2015-06-09,7
1278,2015-06-10,5
1279,2015-06-11,3
1280,2015-06-12,2
1281,2015-06-13,1
1282,2015-06-14,1
1283,2015-06-15,7
1284,2015-06-17,4
1285,2015-06-18,7
1286,2015-06-19,1
1287,2015-06-20,2
1288,2015-06-21,1
1289,2015-06-22,6
1290,2015-06-23,3
1291,2015-06-24,3
1292,2015-06-25,1
1293,2015-06-26,4
1294,2015-06-27,5
1295,2015-06-28,3
1296,2015-06-29,4
1297,2015-06-30,5
1298,2015-07-01,4
1299,2015-07-02,6
1300,2015-07-06,1
1301,2015-07-07,4
1302,2015-07-08,2
1303,2015-07-09,6
1304,2015-07-10,3
1305,2015-07-13,5
1306,2015-07-14,1
1307,2015-07-15,3
1308,2015-07-16,4
1309,2015-07-17,3
1310,2015-07-18,1
1311,2015-07-21,5
1312,2015-07-22,3
1313,2015-07-23,1
1314,2015-07-24,1
1315,2015-07-27,3
1316,2015-07-28,1
1317,2015-07-29,4
1318,2015-07-30,1
1319,2015-07-31,2
1320,2015-08-03,4
1321,2015-08-04,4
1322,2015-08-05,4
1323,2015-08-06,4
1324,2015-08-07,4
1325,2015-08-08,1
1326,2015-08-10,4
1327,2015-08-11,4
1328,2015-08-12,1
1329,2015-08-13,3
1330,2015-08-14,4
1331,2015-08-15,2
1332,2015-08-17,3
1333,2015-08-18,2
1334,2015-08-19,2
1335,2015-08-20,2
1336,2015-08-21,5
1337,2015-08-22,1
1338,2015-08-24,6
1339,2015-08-25,2
1340,2015-08-26,1
1341,2015-08-27,4
1342,2015-08-28,4
1343,2015-08-29,2
1344,2015-08-31,2
1345,2015-09-01,1
1346,2015-09-02,4
1347,2015-09-03,1
1348,2015-09-04,2
1349,2015-09-07,2
1350,2015-09-09,1
1351,2015-09-10,5
1352,2015-09-11,2
1353,2015-09-12,2
1354,2015-09-13,1
1355,2015-09-14,2
1356,2015-09-15,3
1357,2015-09-16,6
1358,2015-09-17,3
1359,2015-09-18,7
1360,2015-09-20,1
1361,2015-09-21,4
1362,2015-09-22,4
1363,2015-09-23,6
1364,2015-09-24,4
1365,2015-09-25,5
1366,2015-09-28,6
1367,2015-09-29,3
1368,2015-09-30,7
1369,2015-10-01,11
1370,2015-10-02,7
1371,2015-10-05,6
1372,2015-10-06,3
1373,2015-10-07,3
1374,2015-10-08,3
1375,2015-10-09,3
1376,2015-10-10,3
1377,2015-10-12,4
1378,2015-10-13,4
1379,2015-10-14,5
1380,2015-10-15,5
1381,2015-10-16,5
1382,2015-10-17,1
1383,2015-10-18,2
1384,2015-10-19,1
1385,2015-10-20,2
1386,2015-10-21,4
1387,2015-10-22,4
1388,2015-10-23,6
1389,2015-10-24,2
1390,2015-10-25,3
1391,2015-10-26,7
1392,2015-10-27,5
1393,2015-10-28,5
1394,2015-10-29,3
1395,2015-10-30,6
1396,2015-10-31,1
1397,2015-11-02,7
1398,2015-11-03,8
1399,2015-11-04,1
1400,2015-11-05,8
1401,2015-11-06,7
1402,2015-11-07,2
1403,2015-11-09,2
1404,2015-11-10,3
1405,2015-11-11,3
1406,2015-11-12,3
1407,2015-11-13,3
1408,2015-11-14,1
1409,2015-11-16,1
1410,2015-11-17,1
1411,2015-11-18,4
1412,2015-11-19,4
1413,2015-11-20,4
1414,2015-11-23,5
1415,2015-11-24,1
1416,2015-11-25,7
1417,2015-11-26,3
1418,2015-11-27,1
1419,2015-11-29,1
1420,2015-12-01,6
1421,2015-12-02,8
1422,2015-12-03,8
1423,2015-12-04,9
1424,2015-12-05,3
1425,2015-12-06,1
1426,2015-12-07,3
1427,2015-12-08,4
1428,2015-12-09,2
1429,2015-12-10,3
1430,2015-12-11,4
1431,2015-12-12,3
1432,2015-12-13,1
1433,2015-12-14,3
1434,2015-12-15,3
1435,2015-12-16,1
1436,2015-12-17,4
1437,2015-12-18,10
1438,2015-12-19,1
1439,2015-12-21,6
1440,2015-12-22,2
1441,2015-12-23,2
1442,2015-12-24,6
1443,2015-12-27,2
1444,2015-12-28,1
1445,2015-12-29,2
1446,2015-12-30,1
1447,2015-12-31,1
1448,2016-01-04,2
1449,2016-01-05,2
1450,2016-01-06,2
1451,2016-01-07,2
1452,2016-01-08,2
1453,2016-01-09,2
1454,2016-01-10,1
1455,2016-01-11,7
1456,2016-01-12,4
1457,2016-01-13,4
1458,2016-01-14,2
1459,2016-01-15,2
1460,2016-01-17,1
1461,2016-01-18,3
1462,2016-01-19,6
1463,2016-01-20,1
1464,2016-01-21,4
1465,2016-01-22,2
1466,2016-01-23,1
1467,2016-01-24,3
1468,2016-01-25,3
1469,2016-01-26,3
1470,2016-01-27,6
1471,2016-01-28,1
1472,2016-01-29,1
1473,2016-01-31,3
1474,2016-02-01,4
1475,2016-02-02,3
1476,2016-02-04,2
1477,2016-02-05,3
1478,2016-02-06,2
1479,2016-02-08,1
1480,2016-02-09,5
1481,2016-02-10,1
1482,2016-02-11,6
1483,2016-02-12,5
1484,2016-02-13,1
1485,2016-02-16,5
1486,2016-02-17,1
1487,2016-02-18,7
1488,2016-02-19,5
1489,2016-02-20,3
1490,2016-02-22,6
1491,2016-02-23,4
1492,2016-02-24,7
1493,2016-02-26,3
1494,2016-02-28,1
1495,2016-02-29,1
1496,2016-03-01,4
1497,2016-03-02,2
1498,2016-03-03,3
1499,2016-03-04,1
1500,2016-03-05,1
1501,2016-03-06,1
1502,2016-03-07,3
1503,2016-03-08,3
1504,2016-03-09,3
1505,2016-03-10,3
1506,2016-03-11,4
1507,2016-03-13,1
1508,2016-03-14,3
1509,2016-03-15,6
1510,2016-03-16,4
1511,2016-03-18,1
1512,2016-03-19,1
1513,2016-03-21,5
1514,2016-03-22,6
1515,2016-03-23,3
1516,2016-03-24,5
1517,2016-03-25,7
1518,2016-03-26,1
1519,2016-03-27,1
1520,2016-03-28,1
1521,2016-03-29,4
1522,2016-03-30,3
1523,2016-03-31,3
1524,2016-04-01,2
1525,2016-04-02,1
1526,2016-04-03,1
1527,2016-04-04,2
1528,2016-04-05,4
1529,2016-04-06,1
1530,2016-04-07,1
1531,2016-04-08,3
1532,2016-04-09,2
1533,2016-04-10,2
1534,2016-04-11,2
1535,2016-04-12,3
1536,2016-04-13,5
1537,2016-04-14,3
1538,2016-04-15,3
1539,2016-04-17,2
1540,2016-04-18,1
1541,2016-04-21,2
1542,2016-04-22,2
1543,2016-04-23,2
1544,2016-04-24,4
1545,2016-04-25,1
1546,2016-04-26,5
1547,2016-04-27,2
1548,2016-04-28,2
1549,2016-04-29,6
1550,2016-05-02,7
1551,2016-05-03,6
1552,2016-05-04,3
1553,2016-05-05,7
1554,2016-05-06,4
1555,2016-05-07,1
1556,2016-05-09,5
1557,2016-05-10,4
1558,2016-05-11,3
1559,2016-05-12,1
1560,2016-05-13,4
1561,2016-05-14,5
1562,2016-05-15,1
1563,2016-05-16,1
1564,2016-05-17,3
1565,2016-05-18,5
1566,2016-05-19,1
1567,2016-05-20,1
1568,2016-05-21,2
1569,2016-05-23,5
1570,2016-05-25,6
1571,2016-05-26,5
1572,2016-05-27,2
1573,2016-05-28,3
1574,2016-05-30,3
1575,2016-05-31,14
1576,2016-06-01,8
1577,2016-06-02,2
1578,2016-06-03,4
1579,2016-06-05,1
1580,2016-06-06,4
1581,2016-06-07,7
1582,2016-06-08,4
1583,2016-06-09,2
1584,2016-06-10,2
1585,2016-06-11,2
1586,2016-06-13,2
1587,2016-06-14,7
1588,2016-06-15,3
1589,2016-06-16,1
1590,2016-06-17,2
1591,2016-06-18,1
1592,2016-06-19,1
1593,2016-06-20,7
1594,2016-06-21,4
1595,2016-06-22,6
1596,2016-06-23,6
1597,2016-06-24,1
1598,2016-06-27,4
1599,2016-06-28,2
1600,2016-06-29,1
1601,2016-06-30,3
1602,2016-07-01,1
1603,2016-07-02,3
1604,2016-07-04,1
1605,2016-07-05,2
1606,2016-07-06,4
1607,2016-07-07,3
1608,2016-07-08,6
1609,2016-07-09,4
1610,2016-07-10,4
1611,2016-07-11,6
1612,2016-07-12,2
1613,2016-07-13,10
1614,2016-07-14,5
1615,2016-07-15,7
1616,2016-07-16,2
1617,2016-07-17,2
1618,2016-07-18,4
1619,2016-07-19,4
1620,2016-07-20,2
1621,2016-07-21,2
1622,2016-07-22,5
1623,2016-07-23,1
1624,2016-07-24,2
1625,2016-07-25,7
1626,2016-07-26,4
1627,2016-07-27,5
1628,2016-07-28,6
1629,2016-07-29,3
1630,2016-07-31,3
1631,2016-08-01,8
1632,2016-08-02,3
1633,2016-08-03,6
1634,2016-08-04,1
1635,2016-08-05,7
1636,2016-08-06,2
1637,2016-08-07,1
1638,2016-08-08,3
1639,2016-08-09,3
1640,2016-08-10,4
1641,2016-08-11,1
1642,2016-08-12,6
1643,2016-08-13,3
1644,2016-08-15,3
1645,2016-08-16,2
1646,2016-08-18,1
1647,2016-08-19,3
1648,2016-08-20,1
1649,2016-08-22,2
1650,2016-08-23,1
1651,2016-08-24,3
1652,2016-08-25,2
1653,2016-08-26,2
1654,2016-08-27,2
1655,2016-08-29,5
1656,2016-08-30,1
1657,2016-08-31,3
1658,2016-09-01,1
1659,2016-09-02,3
1660,2016-09-03,4
1661,2016-09-05,1
1662,2016-09-06,2
1663,2016-09-08,3
1664,2016-09-09,2
1665,2016-09-10,1
1666,2016-09-12,4
1667,2016-09-13,2
1668,2016-09-14,2
1669,2016-09-15,1
1670,2016-09-16,1
1671,2016-09-19,1
1672,2016-09-20,2
1673,2016-09-21,3
1674,2016-09-22,3
1675,2016-09-23,2
1676,2016-09-24,1
1677,2016-09-26,2
1678,2016-09-27,2
1679,2016-09-28,2
1680,2016-09-29,2
1681,2016-09-30,3
1682,2016-10-01,1
1683,2016-10-02,1
1684,2016-10-05,3
1685,2016-10-07,1
1686,2016-10-10,1
1687,2016-10-11,1
1688,2016-10-12,1
1689,2016-10-13,1
1690,2016-10-14,3
1691,2016-10-15,1
1692,2016-10-16,1
1693,2016-10-17,4
1694,2016-10-19,1
1695,2016-10-20,1
1696,2016-10-24,1
1697,2016-10-25,4
1698,2016-10-26,2
1699,2016-10-27,3
1700,2016-10-28,1
1701,2016-10-29,1
1702,2016-10-31,3
1703,2016-11-01,1
1704,2016-11-04,1
1705,2016-11-05,1
1706,2016-11-07,2
1707,2016-11-08,7
1708,2016-11-09,1
1709,2016-11-10,3
1710,2016-11-11,3
1711,2016-11-12,1
1712,2016-11-13,1
1713,2016-11-14,1
1714,2016-11-15,3
1715,2016-11-16,2
1716,2016-11-17,3
1717,2016-11-18,6
1718,2016-11-21,1
1719,2016-11-22,3
1720,2016-11-23,6
1721,2016-11-24,1
1722,2016-11-29,8
1723,2016-11-30,2
1724,2016-12-01,5
1725,2016-12-02,4
1726,2016-12-04,1
1727,2016-12-05,1
1728,2016-12-06,6
1729,2016-12-07,6
1730,2016-12-08,4
1731,2016-12-09,3
1732,2016-12-12,3
1733,2016-12-13,5
1734,2016-12-14,2
1735,2016-12-15,2
1736,2016-12-16,4
1737,2016-12-17,1
1738,2016-12-19,4
1739,2016-12-20,3
1740,2016-12-21,5
1741,2016-12-22,5
1742,2016-12-23,2
1743,2016-12-24,1
1744,2016-12-27,1
1745,2016-12-29,2
1746,2017-01-04,1
1747,2017-01-05,1
1748,2017-01-06,1
1749,2017-01-07,1
1750,2017-01-09,2
1751,2017-01-10,2
1752,2017-01-11,5
1753,2017-01-13,2
1754,2017-01-14,1
1755,2017-01-17,1
1756,2017-01-18,5
1757,2017-01-19,3
1758,2017-01-20,3
1759,2017-01-21,3
1760,2017-01-22,2
1761,2017-01-23,3
1762,2017-01-24,6
1763,2017-01-25,5
1764,2017-01-26,4
1765,2017-01-27,3
1766,2017-01-30,4
1767,2017-01-31,4
1768,2017-02-01,10
1769,2017-02-02,4
1770,2017-02-03,7
1771,2017-02-04,2
1772,2017-02-05,2
1773,2017-02-06,4
1774,2017-02-07,7
1775,2017-02-08,5
1776,2017-02-09,4
1777,2017-02-10,6
1778,2017-02-11,1
1779,2017-02-13,3
1780,2017-02-14,8
1781,2017-02-15,3
1782,2017-02-16,5
1783,2017-02-17,7
1784,2017-02-19,1
1785,2017-02-20,4
1786,2017-02-21,7
1787,2017-02-22,3
1788,2017-02-23,5
1789,2017-02-24,6
1790,2017-02-25,1
1791,2017-02-26,1
1792,2017-02-27,4
1793,2017-02-28,5
1794,2017-03-01,10
1795,2017-03-02,2
1796,2017-03-03,3
1797,2017-03-04,1
1798,2017-03-06,3
1799,2017-03-07,8
1800,2017-03-08,9
1801,2017-03-09,4
1802,2017-03-10,7
1803,2017-03-11,2
1804,2017-03-12,1
1805,2017-03-13,2
1806,2017-03-14,5
1807,2017-03-15,3
1808,2017-03-16,4
1809,2017-03-17,4
1810,2017-03-19,3
1811,2017-03-20,2
1812,2017-03-21,2
1813,2017-03-22,5
1814,2017-03-23,5
1815,2017-03-24,3
1816,2017-03-25,3
1817,2017-03-26,1
1818,2017-03-27,3
1819,2017-03-28,5
1820,2017-03-29,7
1821,2017-03-30,5
1822,2017-03-31,2
1823,2017-04-01,2
1824,2017-04-02,1
1825,2017-04-03,4
1826,2017-04-04,4
1827,2017-04-05,2
1828,2017-04-06,1
1829,2017-04-07,5
1830,2017-04-08,1
1831,2017-04-09,1
1832,2017-04-10,3
1833,2017-04-11,2
1834,2017-04-12,6
1835,2017-04-14,3
1836,2017-04-17,3
1837,2017-04-18,1
1838,2017-04-19,4
1839,2017-04-20,5
1840,2017-04-21,3
1841,2017-04-22,1
1842,2017-04-23,1
1843,2017-04-24,1
1844,2017-04-25,3
1845,2017-04-26,1
1846,2017-04-27,6
1847,2017-04-28,2
1848,2017-05-01,2
1849,2017-05-02,9
1850,2017-05-04,3
1851,2017-05-05,3
1852,2017-05-08,5
1853,2017-05-09,5
1854,2017-05-10,5
1855,2017-05-11,4
1856,2017-05-12,3
1857,2017-05-13,1
1858,2017-05-15,3
1859,2017-05-16,3
1860,2017-05-17,2
1861,2017-05-18,4
1862,2017-05-19,1
1863,2017-05-20,4
1864,2017-05-21,1
1865,2017-05-22,1
1866,2017-05-24,6
1867,2017-05-25,5
1868,2017-05-26,1
1869,2017-05-27,1
1870,2017-05-30,1
1871,2017-05-31,5
1872,2017-06-01,1
1873,2017-06-02,4
1874,2017-06-06,1
1875,2017-06-07,1
1876,2017-06-08,2
1877,2017-06-09,4
1878,2017-06-10,1
1879,2017-06-11,1
1880,2017-06-12,1
1881,2017-06-13,1
1882,2017-06-14,2
1883,2017-06-15,1
1884,2017-06-16,3
1885,2017-06-19,3
1886,2017-06-20,1
1887,2017-06-21,2
1888,2017-06-22,5
1889,2017-06-23,1
1890,2017-06-24,1
1891,2017-06-26,4
1892,2017-06-27,3
1893,2017-06-28,2
1894,2017-06-29,2
1895,2017-06-30,2
1896,2017-07-03,1
1897,2017-07-05,2
1898,2017-07-06,2
1899,2017-07-07,2
1900,2017-07-11,4
1901,2017-07-12,7
1902,2017-07-13,3
1903,2017-07-14,4
1904,2017-07-15,1
1905,2017-07-17,4
1906,2017-07-18,2
1907,2017-07-19,2
1908,2017-07-20,4
1909,2017-07-21,1
1910,2017-07-24,5
1911,2017-07-25,3
1912,2017-07-26,4
1913,2017-07-28,4
1914,2017-07-29,1
1915,2017-07-31,2
1916,2017-08-01,1
1917,2017-08-02,5
1918,2017-08-03,3
1919,2017-08-04,2
1920,2017-08-05,1
1921,2017-08-07,1
1922,2017-08-08,4
1923,2017-08-10,2
1924,2017-08-11,5
1925,2017-08-12,1
1926,2017-08-13,1
1927,2017-08-14,1
1928,2017-08-15,3
1929,2017-08-16,5
1930,2017-08-17,4
1931,2017-08-18,4
1932,2017-08-19,1
1933,2017-08-21,3
1934,2017-08-22,6
1935,2017-08-23,1
1936,2017-08-24,3
1937,2017-08-25,1
1938,2017-08-26,1
1939,2017-08-28,2
1940,2017-08-30,2
1941,2017-08-31,3
1942,2017-09-01,4
1943,2017-09-05,1
1944,2017-09-06,3
1945,2017-09-07,2
1946,2017-09-08,5
1947,2017-09-11,5
1948,2017-09-12,3
1949,2017-09-13,1
1950,2017-09-14,1
1951,2017-09-15,2
1952,2017-09-17,1
1953,2017-09-18,2
1954,2017-09-19,1
1955,2017-09-20,3
1956,2017-09-21,5
1957,2017-09-22,5
1958,2017-09-23,1
1959,2017-09-24,2
1960,2017-09-25,1
1961,2017-09-26,4
1962,2017-09-27,2
1963,2017-09-28,3
1964,2017-09-29,13
1965,2017-09-30,1
1966,2017-10-02,2
1967,2017-10-03,3
1968,2017-10-04,2
1969,2017-10-05,3
1970,2017-10-09,11
1971,2017-10-10,3
1972,2017-10-11,5
1973,2017-10-12,2
1974,2017-10-13,4
1975,2017-10-16,3
1976,2017-10-17,6
1977,2017-10-18,2
1978,2017-10-19,7
1979,2017-10-20,3
1980,2017-10-21,2
1981,2017-10-23,4
1982,2017-10-24,3
1983,2017-10-25,4
1984,2017-10-26,3
1985,2017-10-29,1
1986,2017-10-30,4
1987,2017-11-01,2
1988,2017-11-02,2
1989,2017-11-03,2
1990,2017-11-06,2
1991,2017-11-07,3
1992,2017-11-08,4
1993,2017-11-09,5
1994,2017-11-10,1
1995,2017-11-13,2
1996,2017-11-14,5
1997,2017-11-15,3
1998,2017-11-16,2
1999,2017-11-17,6
2000,2017-11-20,1
2001,2017-11-21,1
2002,2017-11-22,2
2003,2017-11-23,2
2004,2017-11-28,2
2005,2017-11-29,4
2006,2017-12-01,5
2007,2017-12-03,1
2008,2017-12-04,1
2009,2017-12-05,3
2010,2017-12-06,3
2011,2017-12-07,2
2012,2017-12-08,1
2013,2017-12-10,1
2014,2017-12-11,1
2015,2017-12-12,5
2016,2017-12-13,4
2017,2017-12-14,1
2018,2017-12-15,2
2019,2017-12-16,1
2020,2017-12-18,2
2021,2017-12-20,4
2022,2017-12-21,2
2023,2017-12-22,3
2024,2018-01-03,4
2025,2018-01-04,3
2026,2018-01-05,2
2027,2018-01-08,3
2028,2018-01-09,3
2029,2018-01-10,6
2030,2018-01-11,1
2031,2018-01-12,2
2032,2018-01-13,1
2033,2018-01-14,2
2034,2018-01-15,2
2035,2018-01-16,4
2036,2018-01-17,4
2037,2018-01-18,4
2038,2018-01-19,3
2039,2018-01-22,4
2040,2018-01-23,4
2041,2018-01-24,3
2042,2018-01-25,4
2043,2018-01-26,5
2044,2018-01-27,3
2045,2018-01-28,1
2046,2018-01-29,9
2047,2018-01-30,4
2048,2018-01-31,4
2049,2018-02-01,1
2050,2018-02-02,6
2051,2018-02-03,1
2052,2018-02-04,1
2053,2018-02-05,4
2054,2018-02-06,4
2055,2018-02-07,10
2056,2018-02-08,3
2057,2018-02-09,4
2058,2018-02-10,1
2059,2018-02-11,1
2060,2018-02-12,7
2061,2018-02-13,4
2062,2018-02-14,4
2063,2018-02-15,4
2064,2018-02-16,3
2065,2018-02-17,2
2066,2018-02-20,2
2067,2018-02-21,8
2068,2018-02-22,1
2069,2018-02-23,2
2070,2018-02-26,3
2071,2018-02-27,6
2072,2018-02-28,7
2073,2018-03-01,1
2074,2018-03-02,6
2075,2018-03-03,3
2076,2018-03-05,2
2077,2018-03-06,2
2078,2018-03-07,3
2079,2018-03-08,4
2080,2018-03-09,1
2081,2018-03-12,3
2082,2018-03-13,2
2083,2018-03-14,1
2084,2018-03-15,3
2085,2018-03-16,2
2086,2018-03-20,4
2087,2018-03-21,4
2088,2018-03-22,2
2089,2018-03-23,4
2090,2018-03-26,2
2091,2018-03-27,5
2092,2018-03-28,4
2093,2018-03-29,5
2094,2018-03-30,6
2095,2018-03-31,2
2096,2018-04-02,3
2097,2018-04-03,3
2098,2018-04-04,4
2099,2018-04-05,1
2100,2018-04-06,7
2101,2018-04-07,2
2102,2018-04-09,6
2103,2018-04-10,3
2104,2018-04-12,1
2105,2018-04-13,1
2106,2018-04-14,3
2107,2018-04-16,3
2108,2018-04-17,1
2109,2018-04-18,2
2110,2018-04-19,2
2111,2018-04-20,2
2112,2018-04-22,2
2113,2018-04-23,4
2114,2018-04-24,3
2115,2018-04-25,10
2116,2018-04-26,3
2117,2018-04-27,5
2118,2018-04-28,2
2119,2018-04-29,3
2120,2018-04-30,1
2121,2018-05-01,6
2122,2018-05-02,5
2123,2018-05-03,2
2124,2018-05-04,2
2125,2018-05-05,2
2126,2018-05-07,5
2127,2018-05-08,4
2128,2018-05-09,3
2129,2018-05-10,1
2130,2018-05-11,4
2131,2018-05-13,3
2132,2018-05-14,6
2133,2018-05-15,2
2134,2018-05-16,3
2135,2018-05-18,2
2136,2018-05-19,2
2137,2018-05-21,2
2138,2018-05-22,10
2139,2018-05-23,5
2140,2018-05-24,3
2141,2018-05-25,7
2142,2018-05-26,2
2143,2018-05-28,1
2144,2018-05-29,6
2145,2018-05-30,3
2146,2018-05-31,2
2147,2018-06-01,4
2148,2018-06-03,2
2149,2018-06-04,6
2150,2018-06-05,5
2151,2018-06-06,2
2152,2018-06-07,4
2153,2018-06-08,5
2154,2018-06-09,3
2155,2018-06-10,2
2156,2018-06-11,2
2157,2018-06-12,5
2158,2018-06-13,5
2159,2018-06-14,5
2160,2018-06-15,10
2161,2018-06-16,4
2162,2018-06-17,1
2163,2018-06-18,7
2164,2018-06-19,1
2165,2018-06-20,3
2166,2018-06-21,1
2167,2018-06-22,1
2168,2018-06-24,6
2169,2018-06-25,7
2170,2018-06-26,5
2171,2018-06-27,3
2172,2018-06-28,1
2173,2018-06-29,3
2174,2018-06-30,2
2175,2018-07-01,2
2176,2018-07-02,7
2177,2018-07-03,7
2178,2018-07-04,2
2179,2018-07-05,4
2180,2018-07-06,4
2181,2018-07-07,1
2182,2018-07-09,3
2183,2018-07-10,2
2184,2018-07-11,4
2185,2018-07-12,5
2186,2018-07-13,1
2187,2018-07-14,2
2188,2018-07-16,1
2189,2018-07-17,4
2190,2018-07-18,2
2191,2018-07-19,3
2192,2018-07-20,1
2193,2018-07-21,1
2194,2018-07-22,2
2195,2018-07-23,3
2196,2018-07-24,3
2197,2018-07-25,3
2198,2018-07-26,2
2199,2018-07-27,3
2200,2018-07-28,3
2201,2018-07-29,1
2202,2018-07-30,10
2203,2018-07-31,8
2204,2018-08-01,1
2205,2018-08-02,3
2206,2018-08-03,4
2207,2018-08-04,1
2208,2018-08-06,4
2209,2018-08-09,4
2210,2018-08-10,2
2211,2018-08-11,1
2212,2018-08-12,1
2213,2018-08-14,5
2214,2018-08-15,2
2215,2018-08-16,6
2216,2018-08-17,6
2217,2018-08-18,2
2218,2018-08-20,1
2219,2018-08-21,2
2220,2018-08-22,4
2221,2018-08-23,3
2222,2018-08-24,3
2223,2018-08-25,3
2224,2018-08-26,1
2225,2018-08-27,3
2226,2018-08-28,1
2227,2018-08-29,2
2228,2018-08-31,1
2229,2018-09-03,2
2230,2018-09-04,3
2231,2018-09-05,2
2232,2018-09-07,3
2233,2018-09-09,2
2234,2018-09-10,6
2235,2018-09-11,1
2236,2018-09-12,1
2237,2018-09-13,2
2238,2018-09-14,1
2239,2018-09-15,7
2240,2018-09-17,1
2241,2018-09-18,3
2242,2018-09-19,2
2243,2018-09-20,1
2244,2018-09-21,3
2245,2018-09-23,4
2246,2018-09-24,2
2247,2018-09-25,4
2248,2018-09-26,4
2249,2018-09-27,4
2250,2018-09-28,2
2251,2018-09-29,1
2252,2018-10-01,2
2253,2018-10-02,1
2254,2018-10-03,1
2255,2018-10-04,4
2256,2018-10-05,3
2257,2018-10-06,1
2258,2018-10-07,2
2259,2018-10-08,3
2260,2018-10-09,3
2261,2018-10-10,3
2262,2018-10-11,3
2263,2018-10-13,4
2264,2018-10-14,3
2265,2018-10-15,3
2266,2018-10-16,1
2267,2018-10-17,2
2268,2018-10-18,1
2269,2018-10-19,2
2270,2018-10-20,2
2271,2018-10-22,3
2272,2018-10-23,2
2273,2018-10-24,2
2274,2018-10-25,3
2275,2018-10-26,4
2276,2018-10-28,1
2277,2018-10-29,1
2278,2018-10-30,4
2279,2018-10-31,1
2280,2018-11-03,3
2281,2018-11-04,1
2282,2018-11-05,3
2283,2018-11-06,2
2284,2018-11-08,3
2285,2018-11-09,2
2286,2018-11-10,1
2287,2018-11-11,3
2288,2018-11-12,1
2289,2018-11-13,5
2290,2018-11-14,1
2291,2018-11-15,2
2292,2018-11-16,4
2293,2018-11-19,4
2294,2018-11-20,1
2295,2018-11-21,4
2296,2018-11-23,1
2297,2018-11-26,1
2298,2018-11-27,3
2299,2018-11-28,1
2300,2018-11-29,5
2301,2018-11-30,1
2302,2018-12-03,1
2303,2018-12-06,3
2304,2018-12-07,2
2305,2018-12-10,5
2306,2018-12-11,3
2307,2018-12-12,1
2308,2018-12-13,1
2309,2018-12-14,4
2310,2018-12-18,3
2311,2018-12-21,3
