,Data,Key
0,2009-03-22,1
1,2009-04-01,2
2,2009-04-13,1
3,2009-04-26,1
4,2009-04-28,1
5,2009-04-29,1
6,2009-04-30,3
7,2009-05-04,1
8,2009-05-06,3
9,2009-05-07,4
10,2009-05-08,2
11,2009-05-11,2
12,2009-05-12,3
13,2009-05-13,1
14,2009-05-14,1
15,2009-05-15,2
16,2009-05-22,1
17,2009-05-26,1
18,2009-05-27,1
19,2009-05-29,1
20,2009-05-30,1
21,2009-06-03,1
22,2009-06-14,2
23,2009-06-17,1
24,2009-06-19,1
25,2009-06-20,1
26,2009-06-24,1
27,2009-06-26,3
28,2009-06-29,1
29,2009-06-30,1
30,2009-07-06,1
31,2009-07-07,1
32,2009-07-08,2
33,2009-07-09,2
34,2009-07-14,1
35,2009-07-15,1
36,2009-07-16,1
37,2009-07-20,2
38,2009-07-23,2
39,2009-07-27,1
40,2009-07-28,1
41,2009-07-30,2
42,2009-07-31,1
43,2009-08-03,2
44,2009-08-04,1
45,2009-08-06,2
46,2009-08-07,2
47,2009-08-09,2
48,2009-08-10,1
49,2009-08-13,1
50,2009-08-15,2
51,2009-08-18,4
52,2009-08-19,1
53,2009-08-20,4
54,2009-08-24,1
55,2009-08-26,1
56,2009-08-27,2
57,2009-08-29,1
58,2009-09-01,1
59,2009-09-03,1
60,2009-09-04,1
61,2009-09-06,1
62,2009-09-08,2
63,2009-09-10,1
64,2009-09-15,1
65,2009-09-16,1
66,2009-09-23,2
67,2009-09-25,1
68,2009-09-26,1
69,2009-09-27,1
70,2009-09-28,2
71,2009-09-30,1
72,2009-10-01,1
73,2009-10-05,1
74,2009-10-06,1
75,2009-10-07,1
76,2009-10-08,3
77,2009-10-15,2
78,2009-10-16,2
79,2009-10-20,2
80,2009-10-21,2
81,2009-10-23,1
82,2009-10-26,1
83,2009-10-27,1
84,2009-10-29,3
85,2009-11-05,2
86,2009-11-06,1
87,2009-11-10,1
88,2009-11-11,1
89,2009-11-12,1
90,2009-11-13,6
91,2009-11-15,1
92,2009-11-18,1
93,2009-11-19,1
94,2009-11-23,2
95,2009-11-24,1
96,2009-11-25,2
97,2009-11-26,1
98,2009-12-01,2
99,2009-12-02,1
100,2009-12-04,3
101,2009-12-05,2
102,2009-12-08,3
103,2009-12-09,2
104,2009-12-11,3
105,2009-12-12,1
106,2009-12-18,1
107,2009-12-23,1
108,2009-12-27,1
109,2009-12-29,1
110,2009-12-30,1
111,2009-12-31,2
112,2010-01-05,1
113,2010-01-07,1
114,2010-01-12,1
115,2010-01-13,1
116,2010-01-19,3
117,2010-01-20,1
118,2010-01-26,2
119,2010-02-03,1
120,2010-02-04,1
121,2010-02-05,2
122,2010-02-06,1
123,2010-02-08,3
124,2010-02-15,2
125,2010-02-17,2
126,2010-02-19,2
127,2010-02-22,2
128,2010-02-24,1
129,2010-03-19,1
130,2010-03-22,1
131,2010-03-23,1
132,2010-03-30,1
133,2010-04-01,1
134,2010-04-02,2
135,2010-04-04,1
136,2010-04-07,1
137,2010-04-08,2
138,2010-04-16,1
139,2010-04-19,2
140,2010-04-21,1
141,2010-04-22,2
142,2010-04-23,1
143,2010-04-24,1
144,2010-04-26,1
145,2010-04-27,2
146,2010-04-28,1
147,2010-04-29,2
148,2010-04-30,1
149,2010-05-04,1
150,2010-05-05,1
151,2010-05-07,1
152,2010-05-09,1
153,2010-05-11,1
154,2010-05-12,1
155,2010-05-15,1
156,2010-05-18,1
157,2010-05-19,1
158,2010-05-24,2
159,2010-05-25,2
160,2010-06-01,2
161,2010-06-02,1
162,2010-06-07,3
163,2010-06-09,1
164,2010-06-10,2
165,2010-06-14,2
166,2010-06-17,1
167,2010-06-22,2
168,2010-06-23,1
169,2010-06-28,1
170,2010-06-29,1
171,2010-06-30,1
172,2010-07-01,1
173,2010-07-02,1
174,2010-07-09,1
175,2010-07-13,1
176,2010-07-14,1
177,2010-07-16,4
178,2010-07-17,2
179,2010-07-19,2
180,2010-07-23,2
181,2010-07-24,2
182,2010-07-25,1
183,2010-07-26,1
184,2010-07-27,1
185,2010-07-29,2
186,2010-07-30,1
187,2010-08-03,7
188,2010-08-04,3
189,2010-08-05,1
190,2010-08-10,1
191,2010-08-11,2
192,2010-08-12,2
193,2010-08-13,1
194,2010-08-15,1
195,2010-08-16,1
196,2010-08-17,2
197,2010-08-18,3
198,2010-08-19,1
199,2010-08-20,2
200,2010-08-23,1
201,2010-08-24,1
202,2010-08-25,4
203,2010-08-26,2
204,2010-08-30,1
205,2010-08-31,2
206,2010-09-03,2
207,2010-09-07,1
208,2010-09-08,1
209,2010-09-09,1
210,2010-09-10,1
211,2010-09-15,2
212,2010-09-16,1
213,2010-09-17,1
214,2010-09-19,1
215,2010-09-20,1
216,2010-09-21,3
217,2010-09-22,2
218,2010-09-23,4
219,2010-09-24,4
220,2010-09-27,2
221,2010-09-28,1
222,2010-09-29,2
223,2010-10-01,1
224,2010-10-03,1
225,2010-10-04,2
226,2010-10-11,2
227,2010-10-12,1
228,2010-10-13,3
229,2010-10-15,2
230,2010-10-18,1
231,2010-10-19,2
232,2010-10-20,1
233,2010-10-21,5
234,2010-10-22,3
235,2010-10-23,2
236,2010-10-25,2
237,2010-10-26,1
238,2010-10-27,2
239,2010-10-28,3
240,2010-10-29,2
241,2010-11-01,2
242,2010-11-03,2
243,2010-11-05,2
244,2010-11-08,1
245,2010-11-09,1
246,2010-11-10,2
247,2010-11-11,2
248,2010-11-12,3
249,2010-11-13,1
250,2010-11-14,1
251,2010-11-15,3
252,2010-11-17,1
253,2010-11-18,3
254,2010-11-19,3
255,2010-11-22,1
256,2010-11-23,2
257,2010-11-24,2
258,2010-11-25,1
259,2010-11-28,2
260,2010-11-30,1
261,2010-12-01,2
262,2010-12-02,2
263,2010-12-03,2
264,2010-12-06,2
265,2010-12-07,2
266,2010-12-08,2
267,2010-12-10,3
268,2010-12-13,3
269,2010-12-14,1
270,2010-12-15,1
271,2010-12-17,1
272,2010-12-21,2
273,2010-12-23,2
274,2010-12-25,1
275,2010-12-27,1
276,2010-12-29,2
277,2010-12-30,2
278,2011-01-03,1
279,2011-01-04,1
280,2011-01-05,1
281,2011-01-10,1
282,2011-01-11,2
283,2011-01-12,3
284,2011-01-13,2
285,2011-01-14,2
286,2011-01-15,2
287,2011-01-16,2
288,2011-01-17,1
289,2011-01-18,2
290,2011-01-19,1
291,2011-01-20,3
292,2011-01-21,2
293,2011-01-23,1
294,2011-01-24,3
295,2011-01-25,3
296,2011-01-26,2
297,2011-01-27,6
298,2011-01-28,2
299,2011-01-31,4
300,2011-02-01,1
301,2011-02-02,7
302,2011-02-03,2
303,2011-02-04,1
304,2011-02-07,3
305,2011-02-08,3
306,2011-02-09,3
307,2011-02-10,2
308,2011-02-11,1
309,2011-02-13,1
310,2011-02-14,1
311,2011-02-15,4
312,2011-02-16,2
313,2011-02-17,4
314,2011-02-18,4
315,2011-02-21,3
316,2011-02-22,5
317,2011-02-23,1
318,2011-02-24,6
319,2011-02-25,2
320,2011-02-27,1
321,2011-02-28,3
322,2011-03-01,2
323,2011-03-04,1
324,2011-03-07,3
325,2011-03-08,4
326,2011-03-09,3
327,2011-03-10,4
328,2011-03-11,1
329,2011-03-12,2
330,2011-03-13,2
331,2011-03-14,3
332,2011-03-15,2
333,2011-03-16,1
334,2011-03-17,5
335,2011-03-20,1
336,2011-03-22,1
337,2011-03-23,2
338,2011-03-24,3
339,2011-03-25,3
340,2011-03-26,1
341,2011-03-29,1
342,2011-03-31,3
343,2011-04-01,1
344,2011-04-05,7
345,2011-04-06,1
346,2011-04-07,6
347,2011-04-08,1
348,2011-04-09,2
349,2011-04-11,3
350,2011-04-12,5
351,2011-04-13,4
352,2011-04-14,2
353,2011-04-15,3
354,2011-04-16,1
355,2011-04-17,3
356,2011-04-18,4
357,2011-04-19,6
358,2011-04-20,5
359,2011-04-21,6
360,2011-04-22,1
361,2011-04-23,3
362,2011-04-25,3
363,2011-04-26,7
364,2011-04-27,2
365,2011-04-28,2
366,2011-04-29,2
367,2011-05-02,2
368,2011-05-03,6
369,2011-05-04,1
370,2011-05-06,3
371,2011-05-07,3
372,2011-05-08,2
373,2011-05-09,2
374,2011-05-10,1
375,2011-05-11,4
376,2011-05-12,3
377,2011-05-13,2
378,2011-05-14,3
379,2011-05-17,1
380,2011-05-18,1
381,2011-05-19,2
382,2011-05-20,2
383,2011-05-21,2
384,2011-05-22,1
385,2011-05-23,1
386,2011-05-25,1
387,2011-05-27,2
388,2011-05-30,1
389,2011-05-31,2
390,2011-06-04,1
391,2011-06-06,1
392,2011-06-07,1
393,2011-06-09,2
394,2011-06-10,4
395,2011-06-11,1
396,2011-06-13,2
397,2011-06-14,3
398,2011-06-15,1
399,2011-06-16,4
400,2011-06-17,3
401,2011-06-18,1
402,2011-06-20,2
403,2011-06-21,2
404,2011-06-22,2
405,2011-06-23,3
406,2011-06-24,5
407,2011-06-27,1
408,2011-06-28,2
409,2011-06-29,1
410,2011-07-01,1
411,2011-07-03,5
412,2011-07-05,2
413,2011-07-06,1
414,2011-07-07,4
415,2011-07-08,2
416,2011-07-11,1
417,2011-07-14,1
418,2011-07-15,1
419,2011-07-17,1
420,2011-07-18,4
421,2011-07-21,3
422,2011-07-23,1
423,2011-07-25,1
424,2011-07-26,4
425,2011-07-27,3
426,2011-07-28,1
427,2011-07-29,1
428,2011-07-30,1
429,2011-08-03,1
430,2011-08-04,3
431,2011-08-05,1
432,2011-08-07,1
433,2011-08-08,1
434,2011-08-09,2
435,2011-08-10,2
436,2011-08-12,2
437,2011-08-14,2
438,2011-08-15,2
439,2011-08-16,1
440,2011-08-17,1
441,2011-08-18,3
442,2011-08-19,1
443,2011-08-21,1
444,2011-08-23,1
445,2011-08-24,1
446,2011-08-25,2
447,2011-08-26,4
448,2011-08-28,1
449,2011-08-29,2
450,2011-08-30,3
451,2011-08-31,3
452,2011-09-01,3
453,2011-09-02,4
454,2011-09-05,2
455,2011-09-06,3
456,2011-09-07,2
457,2011-09-08,8
458,2011-09-09,4
459,2011-09-10,1
460,2011-09-12,7
461,2011-09-13,8
462,2011-09-14,5
463,2011-09-15,2
464,2011-09-16,4
465,2011-09-17,2
466,2011-09-18,1
467,2011-09-19,1
468,2011-09-20,2
469,2011-09-21,1
470,2011-09-22,2
471,2011-09-23,5
472,2011-09-24,2
473,2011-09-25,1
474,2011-09-26,3
475,2011-09-27,3
476,2011-09-28,4
477,2011-09-29,3
478,2011-09-30,5
479,2011-10-01,2
480,2011-10-03,3
481,2011-10-04,7
482,2011-10-05,5
483,2011-10-06,2
484,2011-10-07,3
485,2011-10-10,2
486,2011-10-11,5
487,2011-10-12,2
488,2011-10-13,2
489,2011-10-15,1
490,2011-10-16,3
491,2011-10-17,1
492,2011-10-18,5
493,2011-10-19,4
494,2011-10-20,2
495,2011-10-21,1
496,2011-10-24,2
497,2011-10-26,2
498,2011-10-27,4
499,2011-10-28,4
500,2011-10-29,2
501,2011-10-31,3
502,2011-11-01,2
503,2011-11-02,4
504,2011-11-03,2
505,2011-11-04,1
506,2011-11-07,2
507,2011-11-08,2
508,2011-11-09,2
509,2011-11-10,1
510,2011-11-11,3
511,2011-11-13,1
512,2011-11-14,3
513,2011-11-15,1
514,2011-11-17,3
515,2011-11-18,3
516,2011-11-21,2
517,2011-11-22,3
518,2011-11-24,1
519,2011-11-25,3
520,2011-11-28,1
521,2011-11-29,3
522,2011-11-30,2
523,2011-12-01,4
524,2011-12-02,8
525,2011-12-05,2
526,2011-12-06,3
527,2011-12-07,3
528,2011-12-08,2
529,2011-12-09,2
530,2011-12-10,1
531,2011-12-11,1
532,2011-12-12,3
533,2011-12-13,3
534,2011-12-14,2
535,2011-12-15,3
536,2011-12-18,1
537,2011-12-20,3
538,2011-12-21,1
539,2011-12-22,2
540,2011-12-23,1
541,2011-12-27,1
542,2011-12-29,2
543,2011-12-30,1
544,2012-01-02,1
545,2012-01-03,2
546,2012-01-04,3
547,2012-01-05,1
548,2012-01-08,1
549,2012-01-09,2
550,2012-01-10,1
551,2012-01-11,2
552,2012-01-12,3
553,2012-01-13,5
554,2012-01-14,1
555,2012-01-18,2
556,2012-01-19,1
557,2012-01-21,3
558,2012-01-22,1
559,2012-01-25,1
560,2012-01-26,4
561,2012-01-27,2
562,2012-01-28,2
563,2012-01-30,1
564,2012-01-31,1
565,2012-02-01,8
566,2012-02-02,3
567,2012-02-03,4
568,2012-02-04,2
569,2012-02-05,1
570,2012-02-06,5
571,2012-02-07,2
572,2012-02-08,3
573,2012-02-09,4
574,2012-02-10,2
575,2012-02-13,2
576,2012-02-14,3
577,2012-02-15,4
578,2012-02-16,2
579,2012-02-19,1
580,2012-02-20,2
581,2012-02-21,2
582,2012-02-22,3
583,2012-02-23,1
584,2012-02-24,3
585,2012-02-26,1
586,2012-02-27,1
587,2012-02-28,4
588,2012-02-29,1
589,2012-03-01,4
590,2012-03-02,1
591,2012-03-04,1
592,2012-03-05,1
593,2012-03-06,1
594,2012-03-08,4
595,2012-03-09,3
596,2012-03-13,3
597,2012-03-14,2
598,2012-03-15,2
599,2012-03-16,1
600,2012-03-20,1
601,2012-03-21,1
602,2012-03-22,1
603,2012-03-23,2
604,2012-03-24,1
605,2012-03-27,4
606,2012-03-28,4
607,2012-04-02,1
608,2012-04-03,2
609,2012-04-04,3
610,2012-04-05,1
611,2012-04-06,1
612,2012-04-10,1
613,2012-04-12,1
614,2012-04-13,2
615,2012-04-16,2
616,2012-04-17,4
617,2012-04-18,5
618,2012-04-23,1
619,2012-04-25,3
620,2012-04-26,2
621,2012-04-30,5
622,2012-05-01,2
623,2012-05-03,1
624,2012-05-04,2
625,2012-05-06,1
626,2012-05-09,3
627,2012-05-15,1
628,2012-05-16,3
629,2012-05-17,3
630,2012-05-18,1
631,2012-05-19,1
632,2012-05-20,1
633,2012-05-21,3
634,2012-05-22,1
635,2012-05-23,5
636,2012-05-25,1
637,2012-05-26,1
638,2012-05-27,1
639,2012-05-29,1
640,2012-05-30,1
641,2012-05-31,1
642,2012-06-05,1
643,2012-06-06,4
644,2012-06-07,2
645,2012-06-08,3
646,2012-06-11,1
647,2012-06-12,2
648,2012-06-13,1
649,2012-06-14,1
650,2012-06-15,1
651,2012-06-16,1
652,2012-06-18,2
653,2012-06-20,1
654,2012-06-21,2
655,2012-06-22,1
656,2012-06-25,2
657,2012-06-26,4
658,2012-06-27,2
659,2012-06-28,1
660,2012-06-29,2
661,2012-07-01,1
662,2012-07-02,5
663,2012-07-04,1
664,2012-07-05,1
665,2012-07-06,2
666,2012-07-08,1
667,2012-07-09,1
668,2012-07-10,1
669,2012-07-11,1
670,2012-07-12,1
671,2012-07-13,1
672,2012-07-16,1
673,2012-07-18,1
674,2012-07-19,1
675,2012-07-21,2
676,2012-07-23,1
677,2012-07-24,3
678,2012-07-27,1
679,2012-07-28,2
680,2012-07-31,2
681,2012-08-01,1
682,2012-08-02,1
683,2012-08-03,1
684,2012-08-05,3
685,2012-08-06,1
686,2012-08-07,2
687,2012-08-12,1
688,2012-08-13,3
689,2012-08-14,1
690,2012-08-16,2
691,2012-08-18,1
692,2012-08-21,2
693,2012-08-22,2
694,2012-08-23,3
695,2012-08-24,1
696,2012-08-25,1
697,2012-08-27,2
698,2012-08-30,3
699,2012-08-31,2
700,2012-09-02,2
701,2012-09-04,1
702,2012-09-05,2
703,2012-09-06,2
704,2012-09-07,4
705,2012-09-08,1
706,2012-09-10,1
707,2012-09-11,3
708,2012-09-12,3
709,2012-09-14,1
710,2012-09-17,1
711,2012-09-18,3
712,2012-09-19,3
713,2012-09-21,2
714,2012-09-23,1
715,2012-09-24,3
716,2012-09-25,3
717,2012-09-27,2
718,2012-10-01,1
719,2012-10-02,2
720,2012-10-03,6
721,2012-10-04,2
722,2012-10-05,3
723,2012-10-06,1
724,2012-10-08,2
725,2012-10-09,3
726,2012-10-10,2
727,2012-10-11,4
728,2012-10-12,4
729,2012-10-13,1
730,2012-10-14,1
731,2012-10-15,2
732,2012-10-16,3
733,2012-10-17,6
734,2012-10-18,4
735,2012-10-19,2
736,2012-10-20,1
737,2012-10-21,1
738,2012-10-22,2
739,2012-10-23,1
740,2012-10-24,2
741,2012-10-25,1
742,2012-10-26,1
743,2012-10-30,6
744,2012-10-31,1
745,2012-11-01,3
746,2012-11-04,1
747,2012-11-05,3
748,2012-11-06,3
749,2012-11-07,1
750,2012-11-08,1
751,2012-11-09,3
752,2012-11-11,1
753,2012-11-13,2
754,2012-11-15,1
755,2012-11-16,2
756,2012-11-17,1
757,2012-11-19,2
758,2012-11-21,3
759,2012-11-26,2
760,2012-11-27,2
761,2012-11-28,1
762,2012-11-29,1
763,2012-11-30,1
764,2012-12-02,2
765,2012-12-03,2
766,2012-12-04,1
767,2012-12-05,2
768,2012-12-06,1
769,2012-12-07,1
770,2012-12-09,1
771,2012-12-10,2
772,2012-12-11,2
773,2012-12-12,1
774,2012-12-13,5
775,2012-12-14,1
776,2012-12-15,1
777,2012-12-18,2
778,2012-12-20,3
779,2012-12-21,1
780,2012-12-22,1
781,2012-12-23,1
782,2012-12-27,1
783,2013-01-02,3
784,2013-01-03,5
785,2013-01-04,2
786,2013-01-05,1
787,2013-01-06,1
788,2013-01-07,4
789,2013-01-08,4
790,2013-01-09,5
791,2013-01-10,2
792,2013-01-11,5
793,2013-01-14,1
794,2013-01-15,2
795,2013-01-16,2
796,2013-01-17,2
797,2013-01-18,1
798,2013-01-19,1
799,2013-01-22,1
800,2013-01-23,2
801,2013-01-24,1
802,2013-01-25,1
803,2013-01-26,1
804,2013-01-27,1
805,2013-01-28,1
806,2013-01-29,2
807,2013-01-30,6
808,2013-01-31,4
809,2013-02-01,1
810,2013-02-03,1
811,2013-02-06,1
812,2013-02-07,2
813,2013-02-08,3
814,2013-02-11,2
815,2013-02-12,3
816,2013-02-13,1
817,2013-02-14,3
818,2013-02-15,1
819,2013-02-20,1
820,2013-02-25,3
821,2013-02-26,2
822,2013-02-28,3
823,2013-03-01,1
824,2013-03-04,2
825,2013-03-06,2
826,2013-03-08,1
827,2013-03-09,1
828,2013-03-11,2
829,2013-03-12,1
830,2013-03-13,2
831,2013-03-14,2
832,2013-03-15,1
833,2013-03-18,2
834,2013-03-19,1
835,2013-03-20,3
836,2013-03-21,2
837,2013-03-22,3
838,2013-03-25,1
839,2013-03-26,2
840,2013-03-27,3
841,2013-03-28,1
842,2013-03-29,2
843,2013-03-31,1
844,2013-04-01,1
845,2013-04-02,2
846,2013-04-03,3
847,2013-04-05,3
848,2013-04-06,1
849,2013-04-08,2
850,2013-04-09,2
851,2013-04-10,1
852,2013-04-11,4
853,2013-04-13,2
854,2013-04-14,2
855,2013-04-15,2
856,2013-04-16,4
857,2013-04-17,1
858,2013-04-18,2
859,2013-04-22,1
860,2013-04-23,1
861,2013-04-24,2
862,2013-04-26,1
863,2013-04-27,1
864,2013-04-28,1
865,2013-04-29,1
866,2013-05-01,3
867,2013-05-03,2
868,2013-05-06,2
869,2013-05-07,1
870,2013-05-09,1
871,2013-05-10,1
872,2013-05-13,1
873,2013-05-14,3
874,2013-05-16,2
875,2013-05-17,2
876,2013-05-19,1
877,2013-05-21,1
878,2013-05-22,2
879,2013-05-23,1
880,2013-05-29,1
881,2013-05-30,1
882,2013-05-31,1
883,2013-06-03,1
884,2013-06-05,2
885,2013-06-06,1
886,2013-06-10,1
887,2013-06-12,2
888,2013-06-13,2
889,2013-06-15,2
890,2013-06-16,1
891,2013-06-18,1
892,2013-06-19,4
893,2013-06-20,2
894,2013-06-22,1
895,2013-06-23,3
896,2013-06-25,3
897,2013-06-26,5
898,2013-06-28,1
899,2013-07-01,1
900,2013-07-02,1
901,2013-07-04,2
902,2013-07-08,3
903,2013-07-10,1
904,2013-07-12,3
905,2013-07-13,3
906,2013-07-14,1
907,2013-07-15,2
908,2013-07-16,2
909,2013-07-17,5
910,2013-07-18,1
911,2013-07-19,2
912,2013-07-20,1
913,2013-07-22,4
914,2013-07-23,1
915,2013-07-24,5
916,2013-07-25,2
917,2013-07-26,2
918,2013-07-28,1
919,2013-07-29,3
920,2013-07-30,4
921,2013-08-05,1
922,2013-08-06,2
923,2013-08-07,4
924,2013-08-08,1
925,2013-08-09,1
926,2013-08-13,1
927,2013-08-14,2
928,2013-08-15,1
929,2013-08-16,1
930,2013-08-19,1
931,2013-08-20,3
932,2013-08-21,5
933,2013-08-22,1
934,2013-08-23,4
935,2013-08-24,1
936,2013-08-26,1
937,2013-08-27,2
938,2013-08-28,2
939,2013-08-29,1
940,2013-08-30,4
941,2013-08-31,2
942,2013-09-01,1
943,2013-09-02,1
944,2013-09-03,1
945,2013-09-06,1
946,2013-09-07,1
947,2013-09-08,1
948,2013-09-09,2
949,2013-09-10,1
950,2013-09-11,3
951,2013-09-12,3
952,2013-09-13,4
953,2013-09-16,2
954,2013-09-17,4
955,2013-09-18,2
956,2013-09-19,2
957,2013-09-20,2
958,2013-09-21,1
959,2013-09-23,5
960,2013-09-24,4
961,2013-09-25,4
962,2013-09-26,4
963,2013-09-27,1
964,2013-09-29,1
965,2013-09-30,2
966,2013-10-01,3
967,2013-10-02,5
968,2013-10-03,3
969,2013-10-06,2
970,2013-10-07,2
971,2013-10-08,6
972,2013-10-09,3
973,2013-10-11,5
974,2013-10-13,3
975,2013-10-15,1
976,2013-10-16,2
977,2013-10-17,3
978,2013-10-18,1
979,2013-10-22,1
980,2013-10-24,1
981,2013-10-25,1
982,2013-10-26,1
983,2013-10-28,5
984,2013-10-29,1
985,2013-10-30,3
986,2013-10-31,2
987,2013-11-01,2
988,2013-11-02,2
989,2013-11-04,1
990,2013-11-05,2
991,2013-11-06,2
992,2013-11-08,4
993,2013-11-09,1
994,2013-11-10,1
995,2013-11-11,1
996,2013-11-12,3
997,2013-11-13,3
998,2013-11-14,1
999,2013-11-15,4
1000,2013-11-18,3
1001,2013-11-19,3
1002,2013-11-20,2
1003,2013-11-22,2
1004,2013-11-23,1
1005,2013-11-26,2
1006,2013-11-27,4
1007,2013-11-28,1
1008,2013-11-29,1
1009,2013-12-01,1
1010,2013-12-02,1
1011,2013-12-03,1
1012,2013-12-04,2
1013,2013-12-05,1
1014,2013-12-06,2
1015,2013-12-09,2
1016,2013-12-10,2
1017,2013-12-11,1
1018,2013-12-12,1
1019,2013-12-13,2
1020,2013-12-14,1
1021,2013-12-17,2
1022,2013-12-18,1
1023,2013-12-19,2
1024,2013-12-20,3
1025,2013-12-22,2
1026,2013-12-23,1
1027,2013-12-25,2
1028,2013-12-26,3
1029,2013-12-27,1
1030,2013-12-31,1
1031,2014-01-02,1
1032,2014-01-03,2
1033,2014-01-04,1
1034,2014-01-07,3
1035,2014-01-09,2
1036,2014-01-10,3
1037,2014-01-12,1
1038,2014-01-13,1
1039,2014-01-14,1
1040,2014-01-15,1
1041,2014-01-16,1
1042,2014-01-17,1
1043,2014-01-21,2
1044,2014-01-22,1
1045,2014-01-24,3
1046,2014-01-25,1
1047,2014-01-26,1
1048,2014-01-27,1
1049,2014-01-28,2
1050,2014-01-29,2
1051,2014-01-30,2
1052,2014-01-31,1
1053,2014-02-03,2
1054,2014-02-04,3
1055,2014-02-05,1
1056,2014-02-06,1
1057,2014-02-07,2
1058,2014-02-09,1
1059,2014-02-10,2
1060,2014-02-11,1
1061,2014-02-12,2
1062,2014-02-13,2
1063,2014-02-14,6
1064,2014-02-17,1
1065,2014-02-18,1
1066,2014-02-19,7
1067,2014-02-20,2
1068,2014-02-21,3
1069,2014-02-25,4
1070,2014-02-26,2
1071,2014-02-27,4
1072,2014-02-28,2
1073,2014-03-01,4
1074,2014-03-02,1
1075,2014-03-04,2
1076,2014-03-05,2
1077,2014-03-06,3
1078,2014-03-07,6
1079,2014-03-08,1
1080,2014-03-10,2
1081,2014-03-11,1
1082,2014-03-12,7
1083,2014-03-14,6
1084,2014-03-15,1
1085,2014-03-17,2
1086,2014-03-18,2
1087,2014-03-20,3
1088,2014-03-21,1
1089,2014-03-22,1
1090,2014-03-24,5
1091,2014-03-25,4
1092,2014-03-26,1
1093,2014-03-27,3
1094,2014-03-28,4
1095,2014-03-31,4
1096,2014-04-01,3
1097,2014-04-02,3
1098,2014-04-03,1
1099,2014-04-04,2
1100,2014-04-07,1
1101,2014-04-08,5
1102,2014-04-09,2
1103,2014-04-11,1
1104,2014-04-12,1
1105,2014-04-14,1
1106,2014-04-15,2
1107,2014-04-17,3
1108,2014-04-18,1
1109,2014-04-19,1
1110,2014-04-21,3
1111,2014-04-23,2
1112,2014-04-24,4
1113,2014-04-25,2
1114,2014-04-27,1
1115,2014-04-28,1
1116,2014-04-29,1
1117,2014-04-30,3
1118,2014-05-02,2
1119,2014-05-03,2
1120,2014-05-04,1
1121,2014-05-05,1
1122,2014-05-06,2
1123,2014-05-07,5
1124,2014-05-08,4
1125,2014-05-09,3
1126,2014-05-12,3
1127,2014-05-13,4
1128,2014-05-14,8
1129,2014-05-16,4
1130,2014-05-17,1
1131,2014-05-18,1
1132,2014-05-19,2
1133,2014-05-20,2
1134,2014-05-21,3
1135,2014-05-22,3
1136,2014-05-23,3
1137,2014-05-25,1
1138,2014-05-27,2
1139,2014-05-28,1
1140,2014-05-29,6
1141,2014-05-30,2
1142,2014-06-02,3
1143,2014-06-04,2
1144,2014-06-05,2
1145,2014-06-06,1
1146,2014-06-07,2
1147,2014-06-09,3
1148,2014-06-10,1
1149,2014-06-11,2
1150,2014-06-12,3
1151,2014-06-13,1
1152,2014-06-15,1
1153,2014-06-16,2
1154,2014-06-17,1
1155,2014-06-18,1
1156,2014-06-20,4
1157,2014-06-23,1
1158,2014-06-24,4
1159,2014-06-26,5
1160,2014-06-27,1
1161,2014-06-28,1
1162,2014-06-30,4
1163,2014-07-01,2
1164,2014-07-03,2
1165,2014-07-04,1
1166,2014-07-06,2
1167,2014-07-07,6
1168,2014-07-08,3
1169,2014-07-09,3
1170,2014-07-11,3
1171,2014-07-14,1
1172,2014-07-15,2
1173,2014-07-16,2
1174,2014-07-17,4
1175,2014-07-18,4
1176,2014-07-19,2
1177,2014-07-21,2
1178,2014-07-22,5
1179,2014-07-23,6
1180,2014-07-24,6
1181,2014-07-25,4
1182,2014-07-28,1
1183,2014-07-29,2
1184,2014-07-30,3
1185,2014-07-31,3
1186,2014-08-01,7
1187,2014-08-04,4
1188,2014-08-05,5
1189,2014-08-06,1
1190,2014-08-07,2
1191,2014-08-08,2
1192,2014-08-09,1
1193,2014-08-10,3
1194,2014-08-11,10
1195,2014-08-12,3
1196,2014-08-13,3
1197,2014-08-14,1
1198,2014-08-15,2
1199,2014-08-16,1
1200,2014-08-18,1
1201,2014-08-19,6
1202,2014-08-20,4
1203,2014-08-21,5
1204,2014-08-26,6
1205,2014-08-29,1
1206,2014-09-01,1
1207,2014-09-02,2
1208,2014-09-03,2
1209,2014-09-04,2
1210,2014-09-05,5
1211,2014-09-08,2
1212,2014-09-09,1
1213,2014-09-11,1
1214,2014-09-12,2
1215,2014-09-13,1
1216,2014-09-14,1
1217,2014-09-16,6
1218,2014-09-17,3
1219,2014-09-18,1
1220,2014-09-19,2
1221,2014-09-20,1
1222,2014-09-22,1
1223,2014-09-23,5
1224,2014-09-25,1
1225,2014-09-26,1
1226,2014-09-27,1
1227,2014-09-29,3
1228,2014-09-30,3
1229,2014-10-01,2
1230,2014-10-02,3
1231,2014-10-03,3
1232,2014-10-04,2
1233,2014-10-05,1
1234,2014-10-06,1
1235,2014-10-07,4
1236,2014-10-08,2
1237,2014-10-09,1
1238,2014-10-10,2
1239,2014-10-12,2
1240,2014-10-13,1
1241,2014-10-14,4
1242,2014-10-15,1
1243,2014-10-16,1
1244,2014-10-17,1
1245,2014-10-18,1
1246,2014-10-20,4
1247,2014-10-21,2
1248,2014-10-22,2
1249,2014-10-23,4
1250,2014-10-24,2
1251,2014-10-29,6
1252,2014-10-31,4
1253,2014-11-03,5
1254,2014-11-04,2
1255,2014-11-05,3
1256,2014-11-06,4
1257,2014-11-07,1
1258,2014-11-10,4
1259,2014-11-11,6
1260,2014-11-12,2
1261,2014-11-13,2
1262,2014-11-14,4
1263,2014-11-17,1
1264,2014-11-18,2
1265,2014-11-20,1
1266,2014-11-21,2
1267,2014-11-24,2
1268,2014-11-25,2
1269,2014-11-27,2
1270,2014-11-28,1
1271,2014-11-29,1
1272,2014-12-01,3
1273,2014-12-02,3
1274,2014-12-03,4
1275,2014-12-04,2
1276,2014-12-05,4
1277,2014-12-09,1
1278,2014-12-10,3
1279,2014-12-11,4
1280,2014-12-12,1
1281,2014-12-15,2
1282,2014-12-16,1
1283,2014-12-17,2
1284,2014-12-18,4
1285,2014-12-19,5
1286,2014-12-23,2
1287,2014-12-27,2
1288,2014-12-29,1
1289,2014-12-30,1
1290,2014-12-31,1
1291,2015-01-04,1
1292,2015-01-05,4
1293,2015-01-06,2
1294,2015-01-07,2
1295,2015-01-08,2
1296,2015-01-09,2
1297,2015-01-12,2
1298,2015-01-13,5
1299,2015-01-14,2
1300,2015-01-15,1
1301,2015-01-16,1
1302,2015-01-17,1
1303,2015-01-19,1
1304,2015-01-20,2
1305,2015-01-22,2
1306,2015-01-23,2
1307,2015-01-26,4
1308,2015-01-27,2
1309,2015-01-28,1
1310,2015-01-29,1
1311,2015-01-30,2
1312,2015-02-02,3
1313,2015-02-03,2
1314,2015-02-04,4
1315,2015-02-05,4
1316,2015-02-08,2
1317,2015-02-09,1
1318,2015-02-10,2
1319,2015-02-11,1
1320,2015-02-12,2
1321,2015-02-13,4
1322,2015-02-14,2
1323,2015-02-16,2
1324,2015-02-19,2
1325,2015-02-20,3
1326,2015-02-22,1
1327,2015-02-23,2
1328,2015-02-24,1
1329,2015-02-25,1
1330,2015-02-27,1
1331,2015-03-01,2
1332,2015-03-02,1
1333,2015-03-03,1
1334,2015-03-04,1
1335,2015-03-05,2
1336,2015-03-09,1
1337,2015-03-10,1
1338,2015-03-11,4
1339,2015-03-12,1
1340,2015-03-17,4
1341,2015-03-18,2
1342,2015-03-19,2
1343,2015-03-23,2
1344,2015-03-24,2
1345,2015-03-25,3
1346,2015-03-26,1
1347,2015-03-27,6
1348,2015-03-30,3
1349,2015-03-31,4
1350,2015-04-01,2
1351,2015-04-02,3
1352,2015-04-03,5
1353,2015-04-06,1
1354,2015-04-07,1
1355,2015-04-08,6
1356,2015-04-09,4
1357,2015-04-10,1
1358,2015-04-13,2
1359,2015-04-14,3
1360,2015-04-15,5
1361,2015-04-16,1
1362,2015-04-20,1
1363,2015-04-21,1
1364,2015-04-22,1
1365,2015-04-23,1
1366,2015-04-24,6
1367,2015-04-27,2
1368,2015-04-28,1
1369,2015-04-29,1
1370,2015-05-01,1
1371,2015-05-04,3
1372,2015-05-05,5
1373,2015-05-07,1
1374,2015-05-08,2
1375,2015-05-10,1
1376,2015-05-11,2
1377,2015-05-12,2
1378,2015-05-13,1
1379,2015-05-14,8
1380,2015-05-15,5
1381,2015-05-17,2
1382,2015-05-18,3
1383,2015-05-19,2
1384,2015-05-20,3
1385,2015-05-21,1
1386,2015-05-22,4
1387,2015-05-23,1
1388,2015-05-26,5
1389,2015-05-27,1
1390,2015-05-28,1
1391,2015-05-29,4
1392,2015-05-30,1
1393,2015-06-01,2
1394,2015-06-02,3
1395,2015-06-03,2
1396,2015-06-04,1
1397,2015-06-05,4
1398,2015-06-08,4
1399,2015-06-09,2
1400,2015-06-10,2
1401,2015-06-11,3
1402,2015-06-12,1
1403,2015-06-15,1
1404,2015-06-17,1
1405,2015-06-19,2
1406,2015-06-22,2
1407,2015-06-23,3
1408,2015-06-24,2
1409,2015-06-25,1
1410,2015-06-26,2
1411,2015-06-28,2
1412,2015-06-29,3
1413,2015-06-30,4
1414,2015-07-01,4
1415,2015-07-02,1
1416,2015-07-03,1
1417,2015-07-04,1
1418,2015-07-05,1
1419,2015-07-06,3
1420,2015-07-07,3
1421,2015-07-08,4
1422,2015-07-10,1
1423,2015-07-12,2
1424,2015-07-13,1
1425,2015-07-14,3
1426,2015-07-15,3
1427,2015-07-16,2
1428,2015-07-17,1
1429,2015-07-18,2
1430,2015-07-20,2
1431,2015-07-21,3
1432,2015-07-22,9
1433,2015-07-23,3
1434,2015-07-24,4
1435,2015-07-25,1
1436,2015-07-28,4
1437,2015-07-29,1
1438,2015-07-30,4
1439,2015-07-31,1
1440,2015-08-03,6
1441,2015-08-04,2
1442,2015-08-05,2
1443,2015-08-06,10
1444,2015-08-07,4
1445,2015-08-09,2
1446,2015-08-11,5
1447,2015-08-12,3
1448,2015-08-13,2
1449,2015-08-14,4
1450,2015-08-15,1
1451,2015-08-17,3
1452,2015-08-18,5
1453,2015-08-19,5
1454,2015-08-20,3
1455,2015-08-22,2
1456,2015-08-23,1
1457,2015-08-24,4
1458,2015-08-25,7
1459,2015-08-26,3
1460,2015-08-27,3
1461,2015-08-28,2
1462,2015-08-31,3
1463,2015-09-01,4
1464,2015-09-03,4
1465,2015-09-04,2
1466,2015-09-05,1
1467,2015-09-06,2
1468,2015-09-07,1
1469,2015-09-08,4
1470,2015-09-09,2
1471,2015-09-10,3
1472,2015-09-14,1
1473,2015-09-15,6
1474,2015-09-16,3
1475,2015-09-17,6
1476,2015-09-18,3
1477,2015-09-19,1
1478,2015-09-21,2
1479,2015-09-22,1
1480,2015-09-25,1
1481,2015-09-26,1
1482,2015-09-29,2
1483,2015-09-30,4
1484,2015-10-02,3
1485,2015-10-04,1
1486,2015-10-05,1
1487,2015-10-08,7
1488,2015-10-09,1
1489,2015-10-11,1
1490,2015-10-13,2
1491,2015-10-14,3
1492,2015-10-15,2
1493,2015-10-16,4
1494,2015-10-19,3
1495,2015-10-20,2
1496,2015-10-21,2
1497,2015-10-22,3
1498,2015-10-23,5
1499,2015-10-24,1
1500,2015-10-25,1
1501,2015-10-26,2
1502,2015-10-27,6
1503,2015-10-28,2
1504,2015-10-29,2
1505,2015-10-30,2
1506,2015-11-01,1
1507,2015-11-02,2
1508,2015-11-03,1
1509,2015-11-04,3
1510,2015-11-05,2
1511,2015-11-07,1
1512,2015-11-09,3
1513,2015-11-10,3
1514,2015-11-11,1
1515,2015-11-12,2
1516,2015-11-13,4
1517,2015-11-16,1
1518,2015-11-17,2
1519,2015-11-18,2
1520,2015-11-19,4
1521,2015-11-20,3
1522,2015-11-22,3
1523,2015-11-23,6
1524,2015-11-24,1
1525,2015-11-25,2
1526,2015-11-26,1
1527,2015-11-27,2
1528,2015-11-30,1
1529,2015-12-01,2
1530,2015-12-02,5
1531,2015-12-04,3
1532,2015-12-07,2
1533,2015-12-08,1
1534,2015-12-09,2
1535,2015-12-10,3
1536,2015-12-12,2
1537,2015-12-13,1
1538,2015-12-15,1
1539,2015-12-16,2
1540,2015-12-17,4
1541,2015-12-21,2
1542,2015-12-22,1
1543,2015-12-23,1
1544,2015-12-24,1
1545,2015-12-26,1
1546,2015-12-28,2
1547,2015-12-29,6
1548,2015-12-30,2
1549,2015-12-31,2
1550,2016-01-02,1
1551,2016-01-04,1
1552,2016-01-05,1
1553,2016-01-06,3
1554,2016-01-07,2
1555,2016-01-08,2
1556,2016-01-09,2
1557,2016-01-11,1
1558,2016-01-12,2
1559,2016-01-13,1
1560,2016-01-14,2
1561,2016-01-15,2
1562,2016-01-18,2
1563,2016-01-19,3
1564,2016-01-20,8
1565,2016-01-21,2
1566,2016-01-23,1
1567,2016-01-25,2
1568,2016-01-26,2
1569,2016-01-27,3
1570,2016-01-28,6
1571,2016-01-29,2
1572,2016-02-01,2
1573,2016-02-02,1
1574,2016-02-03,2
1575,2016-02-04,1
1576,2016-02-05,3
1577,2016-02-07,1
1578,2016-02-08,2
1579,2016-02-09,2
1580,2016-02-10,2
1581,2016-02-11,3
1582,2016-02-12,4
1583,2016-02-13,1
1584,2016-02-15,1
1585,2016-02-17,2
1586,2016-02-19,3
1587,2016-02-22,3
1588,2016-02-23,6
1589,2016-02-24,2
1590,2016-02-25,1
1591,2016-02-28,1
1592,2016-02-29,1
1593,2016-03-01,1
1594,2016-03-02,1
1595,2016-03-03,1
1596,2016-03-04,2
1597,2016-03-06,1
1598,2016-03-08,2
1599,2016-03-09,4
1600,2016-03-10,2
1601,2016-03-11,2
1602,2016-03-13,1
1603,2016-03-15,3
1604,2016-03-16,1
1605,2016-03-17,2
1606,2016-03-18,2
1607,2016-03-21,3
1608,2016-03-22,1
1609,2016-03-23,3
1610,2016-03-24,2
1611,2016-03-25,1
1612,2016-03-28,2
1613,2016-03-29,2
1614,2016-03-30,4
1615,2016-03-31,1
1616,2016-04-01,2
1617,2016-04-02,2
1618,2016-04-04,1
1619,2016-04-05,2
1620,2016-04-06,3
1621,2016-04-07,3
1622,2016-04-08,2
1623,2016-04-09,1
1624,2016-04-11,2
1625,2016-04-12,5
1626,2016-04-14,1
1627,2016-04-16,1
1628,2016-04-18,2
1629,2016-04-19,5
1630,2016-04-20,3
1631,2016-04-21,4
1632,2016-04-22,3
1633,2016-04-25,4
1634,2016-04-26,6
1635,2016-04-27,2
1636,2016-04-28,1
1637,2016-05-02,1
1638,2016-05-03,2
1639,2016-05-04,3
1640,2016-05-05,1
1641,2016-05-06,2
1642,2016-05-07,1
1643,2016-05-09,3
1644,2016-05-10,2
1645,2016-05-11,4
1646,2016-05-12,2
1647,2016-05-13,1
1648,2016-05-17,1
1649,2016-05-18,4
1650,2016-05-19,2
1651,2016-05-20,4
1652,2016-05-21,1
1653,2016-05-23,1
1654,2016-05-24,2
1655,2016-05-25,2
1656,2016-05-27,3
1657,2016-05-28,2
1658,2016-05-30,2
1659,2016-05-31,1
1660,2016-06-01,1
1661,2016-06-02,2
1662,2016-06-03,1
1663,2016-06-05,3
1664,2016-06-07,1
1665,2016-06-08,2
1666,2016-06-09,1
1667,2016-06-10,3
1668,2016-06-13,2
1669,2016-06-14,2
1670,2016-06-15,1
1671,2016-06-17,2
1672,2016-06-21,2
1673,2016-06-22,3
1674,2016-06-23,3
1675,2016-06-27,2
1676,2016-06-28,2
1677,2016-06-29,2
1678,2016-06-30,1
1679,2016-07-01,1
1680,2016-07-05,1
1681,2016-07-06,5
1682,2016-07-08,2
1683,2016-07-09,1
1684,2016-07-12,2
1685,2016-07-13,4
1686,2016-07-14,4
1687,2016-07-15,2
1688,2016-07-16,1
1689,2016-07-18,3
1690,2016-07-19,2
1691,2016-07-20,5
1692,2016-07-21,2
1693,2016-07-22,6
1694,2016-07-25,1
1695,2016-07-26,1
1696,2016-07-27,1
1697,2016-07-28,2
1698,2016-07-30,1
1699,2016-08-01,1
1700,2016-08-02,3
1701,2016-08-03,3
1702,2016-08-04,1
1703,2016-08-08,1
1704,2016-08-09,3
1705,2016-08-10,1
1706,2016-08-11,2
1707,2016-08-12,2
1708,2016-08-13,1
1709,2016-08-15,2
1710,2016-08-16,2
1711,2016-08-17,4
1712,2016-08-18,1
1713,2016-08-19,5
1714,2016-08-22,3
1715,2016-08-24,3
1716,2016-08-25,3
1717,2016-08-26,1
1718,2016-08-30,3
1719,2016-08-31,2
1720,2016-09-02,3
1721,2016-09-04,1
1722,2016-09-06,1
1723,2016-09-08,1
1724,2016-09-10,1
1725,2016-09-13,1
1726,2016-09-14,1
1727,2016-09-16,2
1728,2016-09-19,3
1729,2016-09-20,3
1730,2016-09-22,2
1731,2016-09-23,5
1732,2016-09-24,1
1733,2016-09-26,3
1734,2016-09-27,1
1735,2016-09-28,4
1736,2016-09-30,2
1737,2016-10-03,3
1738,2016-10-06,1
1739,2016-10-07,2
1740,2016-10-09,1
1741,2016-10-10,2
1742,2016-10-11,1
1743,2016-10-12,2
1744,2016-10-13,2
1745,2016-10-14,2
1746,2016-10-15,1
1747,2016-10-16,2
1748,2016-10-17,1
1749,2016-10-18,3
1750,2016-10-19,4
1751,2016-10-20,1
1752,2016-10-21,4
1753,2016-10-24,2
1754,2016-10-26,2
1755,2016-10-27,1
1756,2016-10-28,3
1757,2016-10-30,1
1758,2016-10-31,2
1759,2016-11-02,3
1760,2016-11-03,2
1761,2016-11-07,1
1762,2016-11-08,1
1763,2016-11-10,3
1764,2016-11-11,1
1765,2016-11-12,1
1766,2016-11-14,3
1767,2016-11-15,1
1768,2016-11-16,2
1769,2016-11-17,4
1770,2016-11-20,2
1771,2016-11-21,1
1772,2016-11-22,1
1773,2016-11-24,2
1774,2016-11-25,1
1775,2016-11-27,1
1776,2016-11-28,1
1777,2016-11-30,1
1778,2016-12-01,1
1779,2016-12-02,1
1780,2016-12-05,2
1781,2016-12-06,2
1782,2016-12-07,5
1783,2016-12-08,2
1784,2016-12-09,1
1785,2016-12-11,2
1786,2016-12-12,3
1787,2016-12-13,2
1788,2016-12-14,1
1789,2016-12-15,1
1790,2016-12-16,3
1791,2016-12-21,4
1792,2016-12-22,4
1793,2016-12-29,1
1794,2017-01-03,2
1795,2017-01-05,1
1796,2017-01-06,2
1797,2017-01-09,1
1798,2017-01-10,1
1799,2017-01-11,2
1800,2017-01-13,2
1801,2017-01-14,1
1802,2017-01-16,2
1803,2017-01-17,1
1804,2017-01-20,1
1805,2017-01-24,2
1806,2017-01-25,3
1807,2017-01-26,1
1808,2017-01-27,2
1809,2017-01-31,2
1810,2017-02-01,1
1811,2017-02-02,1
1812,2017-02-03,1
1813,2017-02-07,1
1814,2017-02-09,1
1815,2017-02-10,1
1816,2017-02-13,2
1817,2017-02-14,2
1818,2017-02-15,3
1819,2017-02-16,5
1820,2017-02-17,2
1821,2017-02-21,1
1822,2017-02-22,1
1823,2017-02-24,3
1824,2017-02-27,6
1825,2017-03-01,1
1826,2017-03-03,1
1827,2017-03-05,1
1828,2017-03-06,1
1829,2017-03-07,3
1830,2017-03-08,1
1831,2017-03-09,1
1832,2017-03-10,1
1833,2017-03-13,1
1834,2017-03-14,1
1835,2017-03-15,2
1836,2017-03-16,4
1837,2017-03-17,1
1838,2017-03-20,2
1839,2017-03-21,1
1840,2017-03-22,5
1841,2017-03-23,1
1842,2017-03-24,1
1843,2017-03-27,1
1844,2017-03-28,1
1845,2017-03-29,1
1846,2017-03-30,1
1847,2017-03-31,3
1848,2017-04-03,3
1849,2017-04-04,2
1850,2017-04-05,3
1851,2017-04-06,3
1852,2017-04-07,1
1853,2017-04-12,1
1854,2017-04-13,1
1855,2017-04-21,1
1856,2017-04-28,2
1857,2017-05-09,1
1858,2017-05-10,1
1859,2017-05-11,2
1860,2017-05-12,1
1861,2017-05-15,2
1862,2017-05-16,1
1863,2017-05-18,1
1864,2017-05-22,1
1865,2017-05-23,1
1866,2017-05-24,1
1867,2017-05-29,1
1868,2017-06-01,1
1869,2017-06-05,1
1870,2017-06-06,1
1871,2017-06-07,1
1872,2017-06-09,2
1873,2017-06-12,1
1874,2017-06-13,2
1875,2017-06-14,1
1876,2017-06-19,2
1877,2017-06-20,3
1878,2017-06-21,1
1879,2017-06-27,3
1880,2017-06-29,2
1881,2017-06-30,3
1882,2017-07-01,1
1883,2017-07-03,5
1884,2017-07-04,1
1885,2017-07-05,4
1886,2017-07-10,1
1887,2017-07-11,1
1888,2017-07-12,2
1889,2017-07-14,1
1890,2017-07-17,1
1891,2017-07-19,1
1892,2017-07-20,3
1893,2017-07-21,2
1894,2017-07-22,1
1895,2017-07-24,2
1896,2017-07-25,1
1897,2017-07-26,1
1898,2017-08-01,1
1899,2017-08-03,2
1900,2017-08-04,2
1901,2017-08-07,1
1902,2017-08-08,2
1903,2017-08-10,1
1904,2017-08-11,2
1905,2017-08-15,1
1906,2017-08-16,1
1907,2017-08-17,2
1908,2017-08-18,1
1909,2017-08-22,1
1910,2017-08-23,1
1911,2017-08-24,3
1912,2017-08-25,4
1913,2017-08-28,1
1914,2017-08-31,2
1915,2017-09-01,2
1916,2017-09-06,2
1917,2017-09-07,3
1918,2017-09-11,1
1919,2017-09-13,1
1920,2017-09-14,3
1921,2017-09-15,1
1922,2017-09-18,1
1923,2017-09-21,1
1924,2017-09-22,1
1925,2017-09-23,1
1926,2017-09-25,1
1927,2017-09-26,2
1928,2017-09-27,2
1929,2017-09-28,1
1930,2017-10-03,3
1931,2017-10-04,1
1932,2017-10-05,1
1933,2017-10-07,1
1934,2017-10-09,1
1935,2017-10-11,2
1936,2017-10-16,1
1937,2017-10-18,3
1938,2017-10-25,1
1939,2017-11-03,1
1940,2017-11-08,1
1941,2017-11-09,1
1942,2017-11-10,1
1943,2017-11-13,1
1944,2017-11-15,2
1945,2017-11-16,1
1946,2017-11-17,1
1947,2017-11-20,1
1948,2017-11-21,1
1949,2017-11-27,1
1950,2017-11-30,3
1951,2017-12-01,4
1952,2017-12-03,1
1953,2017-12-11,2
1954,2017-12-12,3
1955,2017-12-13,1
1956,2017-12-21,1
1957,2017-12-27,1
1958,2017-12-28,1
1959,2018-01-08,1
1960,2018-01-12,1
1961,2018-01-15,1
1962,2018-01-16,1
1963,2018-01-17,1
1964,2018-01-18,1
1965,2018-01-19,1
1966,2018-01-21,2
1967,2018-01-22,1
1968,2018-01-26,2
1969,2018-02-01,1
1970,2018-02-06,2
1971,2018-02-07,1
1972,2018-02-09,1
1973,2018-02-13,1
1974,2018-02-14,1
1975,2018-02-16,1
1976,2018-02-20,1
1977,2018-02-21,2
1978,2018-03-01,1
1979,2018-03-02,2
1980,2018-03-06,1
1981,2018-03-07,1
1982,2018-03-08,1
1983,2018-03-15,2
1984,2018-03-16,1
1985,2018-03-18,1
1986,2018-03-20,1
1987,2018-03-21,1
1988,2018-03-22,1
1989,2018-03-23,1
1990,2018-03-30,2
1991,2018-04-01,1
1992,2018-04-04,1
1993,2018-04-09,1
1994,2018-04-10,1
1995,2018-04-11,1
1996,2018-04-16,1
1997,2018-04-17,2
1998,2018-04-18,1
1999,2018-04-23,1
2000,2018-04-25,1
2001,2018-04-26,2
2002,2018-04-27,1
2003,2018-04-28,1
2004,2018-05-17,2
2005,2018-05-24,1
2006,2018-05-29,1
2007,2018-05-30,1
2008,2018-06-05,1
2009,2018-06-07,2
2010,2018-06-08,1
2011,2018-06-12,2
2012,2018-06-15,1
2013,2018-06-18,1
2014,2018-06-23,1
2015,2018-06-26,1
2016,2018-06-28,1
2017,2018-07-03,1
2018,2018-07-13,1
2019,2018-07-17,2
2020,2018-07-20,1
2021,2018-07-25,3
2022,2018-07-30,1
2023,2018-07-31,1
2024,2018-08-08,1
2025,2018-08-10,2
2026,2018-08-16,2
2027,2018-08-20,1
2028,2018-08-29,1
2029,2018-08-30,1
2030,2018-09-03,1
2031,2018-09-05,1
2032,2018-09-06,1
2033,2018-09-07,1
2034,2018-09-08,1
2035,2018-09-11,1
2036,2018-09-12,3
2037,2018-09-13,2
2038,2018-09-17,1
2039,2018-09-18,4
2040,2018-09-19,1
2041,2018-09-21,1
2042,2018-09-25,1
2043,2018-09-27,1
2044,2018-10-03,1
2045,2018-10-05,1
2046,2018-10-12,2
2047,2018-10-23,2
2048,2018-10-24,2
2049,2018-10-25,1
2050,2018-10-29,1
2051,2018-10-31,1
2052,2018-11-01,1
2053,2018-11-07,2
2054,2018-11-15,4
2055,2018-11-16,1
2056,2018-11-22,1
2057,2018-11-23,1
2058,2018-11-26,2
2059,2018-11-29,1
2060,2018-12-04,1
2061,2018-12-10,1
2062,2018-12-14,1
